"","MovieId","Distance"
"1",1,82.3072296988797
"2",2,83.9522572919289
"3",3,85.7730535672653
"4",4,87.6578872038307
"5",5,88.1353112441041
"6",6,79.7298325995544
"7",7,86.65873954413
"8",8,87.9726841172434
"9",9,87.9298516478938
"10",10,85.3769636687338
"11",11,85.1623990277937
"12",12,89.3687929436619
"13",13,92.2384429477836
"14",14,84.8184972440128
"15",15,88.7324543748131
"16",16,84.9957836576351
"17",17,91.6350639170456
"18",18,79.1265877836467
"19",19,88.8608383905674
"20",20,85.4875867911683
"21",21,84.6977882468615
"22",22,84.6022503241864
"23",23,84.2903097352871
"24",24,77.223417223648
"25",25,85.0609068800827
"26",26,85.6563431788407
"27",27,88.1364195745568
"28",28,91.2191656243575
"29",29,73.7693882924861
"30",30,83.7968034550529
"31",31,83.9802433289331
"32",32,63.7184936961741
"33",33,81.4902620463755
"34",34,87.9357920499558
"35",35,86.8123250543854
"36",36,85.5472771599724
"37",37,75.9276130416293
"38",38,92.8940162000255
"39",39,91.8632602204175
"40",40,89.5412979241062
"41",41,86.9629705015098
"42",42,86.5167365319247
"43",43,82.6802042085989
"44",44,82.6226194044764
"45",45,89.123409045879
"46",46,86.672516889234
"47",47,76.7310279447371
"48",48,90.5133048448881
"49",49,87.0334381988622
"50",50,71.9525677997508
"51",52,85.2660503720445
"52",53,87.6629603192926
"53",54,91.7923405186327
"54",55,87.4307458215822
"55",56,84.4600492840901
"56",57,87.3994528995627
"57",58,83.9961951988097
"58",59,84.5675710708462
"59",60,87.4328776280737
"60",61,89.8288035506112
"61",62,83.3668689523254
"62",63,89.649164553101
"63",64,85.1669623783426
"64",65,86.5924356802596
"65",66,76.5011303638069
"66",67,84.2085473433249
"67",68,89.558926506603
"68",69,87.2478889636748
"69",70,89.8661382897224
"70",71,85.3581936672773
"71",72,88.0946370396759
"72",73,82.1964260254697
"73",74,87.0448678633307
"74",75,89.1965393408949
"75",76,71.0128828041429
"76",77,86.8899687399028
"77",78,85.1673898227395
"78",79,87.9387769665546
"79",80,89.1355416997007
"80",81,82.917197848843
"81",82,84.1805748969659
"82",83,85.4852722934723
"83",84,86.8622055322404
"84",85,85.3622318156689
"85",86,80.909015771868
"86",87,89.7219478945856
"87",88,86.3120220321776
"88",89,83.3113876354815
"89",90,86.8295058946686
"90",92,85.0184368675204
"91",93,88.5145536144308
"92",94,82.3968088273934
"93",95,82.2069820027477
"94",96,87.5510194657642
"95",97,86.1546581431455
"96",98,86.7772525575089
"97",99,89.2688727876868
"98",100,85.5442318540572
"99",101,85.0844736906074
"100",102,86.2622309705646
"101",103,84.4971431293893
"102",104,86.1702133878666
"103",105,88.2221282639102
"104",106,91.7773189667602
"105",107,90.9558504492415
"106",108,86.7080834114104
"107",110,73.1096572711936
"108",111,82.0788304852898
"109",112,80.1257428739624
"110",113,86.4642379842279
"111",114,84.1389332567336
"112",116,90.0801853586642
"113",117,84.0600405535803
"114",118,85.03261379474
"115",119,85.6116869207173
"116",120,83.5713070387789
"117",121,89.0855550428991
"118",122,86.4175907713502
"119",123,82.1137230805054
"120",125,85.4816433945597
"121",126,83.8747045482405
"122",128,91.0070951778999
"123",129,85.2445879919543
"124",131,86.8489081760465
"125",132,86.9050058582869
"126",135,86.9984183697073
"127",136,88.8936522180125
"128",137,88.330626171617
"129",138,88.1845987252999
"130",140,84.6915751948951
"131",141,89.3813462823647
"132",144,83.4583948332253
"133",145,81.5585831727153
"134",146,87.9794417800859
"135",147,88.6359392471956
"136",148,83.9671314566082
"137",149,83.5763598617852
"138",150,76.7991149410511
"139",151,82.9928083917018
"140",152,88.2479294474656
"141",153,87.0032683432241
"142",154,87.0181155113627
"143",155,84.2811820679457
"144",156,84.6558527385845
"145",157,88.5727929836904
"146",158,87.4712440243254
"147",159,84.8372605088285
"148",160,84.1643649316842
"149",161,84.942016541473
"150",162,86.2348101728321
"151",163,82.0127269610035
"152",164,83.7232034157082
"153",165,80.2245248614703
"154",166,87.8882123218767
"155",167,87.3215352362748
"156",168,86.4053247117059
"157",169,87.1327120712939
"158",170,73.6327733168155
"159",171,87.7603320556431
"160",172,62.3532540294359
"161",173,77.6474181297302
"162",174,87.5060761888742
"163",175,88.3174649576484
"164",176,80.6014244213271
"165",177,81.0448012830741
"166",178,87.6535935159532
"167",179,87.044039275473
"168",180,88.8401016992175
"169",181,85.2465227791809
"170",182,86.2301723920568
"171",183,85.7136638236038
"172",184,82.8957274908699
"173",185,77.3052100282445
"174",186,87.7438475817811
"175",187,85.5286843816658
"176",188,80.3634484092906
"177",189,83.8037025538783
"178",190,86.0712028203595
"179",191,86.9618486220389
"180",192,85.9024314672547
"181",193,90.20607228813
"182",194,77.1246813524882
"183",195,89.2597230392054
"184",196,76.3139005211798
"185",197,87.8941074208393
"186",198,64.2878808331329
"187",199,86.5150851484511
"188",200,87.0006391393407
"189",201,87.1459609020332
"190",202,84.576391904366
"191",203,90.3182109942418
"192",204,85.8184744647064
"193",205,85.0903531647413
"194",206,87.3181858746941
"195",207,86.5879707812109
"196",208,71.7374441347695
"197",209,85.3295825248212
"198",210,84.6586068768917
"199",211,84.3419760401086
"200",212,87.388427508295
"201",213,87.4973706738157
"202",214,83.4321353727145
"203",215,84.6545108784723
"204",216,87.9720433957311
"205",217,86.2730402208745
"206",218,88.3774218645773
"207",219,87.1503554631895
"208",220,87.993561331448
"209",222,89.9540963582036
"210",223,84.292291167029
"211",224,83.581977072569
"212",225,83.2799550511587
"213",227,83.5496751617374
"214",228,85.8864953837254
"215",229,85.927538855814
"216",230,84.9268618899299
"217",231,87.2500356689168
"218",232,88.5163677881408
"219",233,86.7549798204197
"220",234,87.816889168335
"221",235,85.6719009774366
"222",236,87.8528803249051
"223",237,84.6266786837256
"224",238,90.9895740591725
"225",239,89.4256446169203
"226",240,82.4488917575231
"227",241,88.9004811754168
"228",242,88.5615529447326
"229",243,88.7526504197904
"230",244,86.2502249490626
"231",245,88.119985188606
"232",246,87.0808868894704
"233",247,85.179387881317
"234",248,87.0019788762575
"235",249,81.1832680828737
"236",250,88.0638008908092
"237",251,82.5817423695184
"238",252,84.9293037967708
"239",253,82.4203723692412
"240",254,85.7312942913536
"241",255,85.6985620417001
"242",256,86.9838060171705
"243",257,88.0035907725431
"244",258,91.6367813292772
"245",259,86.2450125287178
"246",260,65.9692743797842
"247",261,88.6672432183683
"248",262,87.7297554731809
"249",263,87.816923728115
"250",264,81.1601124376729
"251",265,89.5548781615844
"252",266,82.9691422556902
"253",267,86.0767664957512
"254",268,86.0409400854712
"255",269,86.4783430531771
"256",270,86.8534521993617
"257",271,89.7942425224129
"258",272,85.372657047998
"259",273,82.6024556707732
"260",274,89.7774879355524
"261",275,88.3253049890619
"262",276,87.0776867432566
"263",277,88.3672797658504
"264",278,86.4379140943777
"265",279,84.048195195446
"266",280,90.7349361608731
"267",281,83.7990987118794
"268",282,84.0059027226658
"269",283,85.6153274578911
"270",285,86.5659706103917
"271",286,85.0827491623769
"272",287,83.6741953926768
"273",288,87.813515842879
"274",289,88.9992934315068
"275",290,86.9300418752266
"276",291,87.7104091269885
"277",292,80.864757319087
"278",293,78.6203851774385
"279",294,87.0125242707365
"280",295,83.7504594095894
"281",296,84.1285632007724
"282",297,82.1587239633909
"283",298,84.4681768609231
"284",299,88.5540485910904
"285",300,86.2227490627865
"286",301,80.9851728693527
"287",302,85.4997088306387
"288",303,84.6769433659585
"289",304,85.5189529140718
"290",305,87.2832047493828
"291",306,79.5890388476699
"292",307,84.8031455633714
"293",308,82.8295504154276
"294",309,81.1160937902492
"295",310,88.0900916865413
"296",311,88.7410467105428
"297",312,88.6924029507595
"298",313,88.7228074336811
"299",314,84.9748828305897
"300",315,85.4437977803858
"301",316,70.6801285588968
"302",317,87.3467862589839
"303",318,68.9408841682175
"304",319,82.0873375743748
"305",320,83.5680249779165
"306",321,92.1638123177508
"307",322,80.3413611922791
"308",324,90.1895897126937
"309",325,88.4810892677356
"310",326,84.9132772105042
"311",327,85.330366111257
"312",328,83.9695518079933
"313",329,84.5261503990871
"314",330,87.3895868605332
"315",331,85.6855274026451
"316",332,85.4674323074262
"317",333,85.8561222741756
"318",334,86.5481722373513
"319",335,84.6485924252295
"320",337,86.7205821799676
"321",338,74.4225203943248
"322",339,89.0176511824061
"323",340,84.5744226314857
"324",341,85.4515633258688
"325",342,88.3420218436765
"326",343,88.7041112235341
"327",344,87.8988724799476
"328",345,89.7195387587695
"329",346,90.0548278238017
"330",347,85.3522417437023
"331",348,87.2465916735664
"332",349,84.1345318263554
"333",350,86.1443686736155
"334",351,88.167076528468
"335",352,86.9342522410947
"336",353,78.3654139582827
"337",354,86.9013234985985
"338",355,85.1522461905255
"339",356,75.9425287128335
"340",357,88.9476715782577
"341",358,96.4738416623821
"342",359,87.9169099169185
"343",360,85.2997518733322
"344",361,85.5123502021538
"345",362,89.2820673280847
"346",363,91.6790086701351
"347",364,86.2765046070226
"348",365,78.201022662803
"349",366,85.5687970344274
"350",367,80.7575407527646
"351",368,82.9526542788697
"352",369,84.1270977484631
"353",370,87.5575382564608
"354",371,80.6596091342696
"355",372,84.6717910296104
"356",373,82.8902162487207
"357",374,86.4759917463439
"358",375,80.8880468556146
"359",376,85.5331749776903
"360",377,73.973926752878
"361",378,84.1026996134112
"362",379,74.1029858198187
"363",380,77.9922473065637
"364",381,88.4853081252474
"365",382,85.353448557685
"366",383,82.2247713283966
"367",384,84.1538281544291
"368",385,88.9969144942033
"369",386,82.8258424823813
"370",387,85.3657301001303
"371",388,84.2280777211466
"372",389,86.500028365572
"373",390,88.279602593886
"374",391,85.5505815993341
"375",392,88.43781103602
"376",393,87.4170198398388
"377",394,82.3519657047612
"378",397,87.9839134193262
"379",398,88.5977124019441
"380",402,89.2425182797488
"381",405,85.0328860448576
"382",406,89.2322482231365
"383",407,81.9675965753888
"384",408,85.4756257385404
"385",409,86.5711668834657
"386",410,86.4294578781181
"387",411,83.666146984651
"388",412,85.1187701954087
"389",413,85.2664153281392
"390",414,88.2378377538516
"391",415,86.5227835321524
"392",416,85.7278961869801
"393",417,84.2937638181639
"394",418,80.0750044296649
"395",419,88.0335800937298
"396",420,85.1026882726757
"397",421,87.6649406226874
"398",422,85.2122774084246
"399",423,83.9070496915588
"400",424,87.9263246182301
"401",425,87.5366369806936
"402",426,84.4474366441687
"403",427,85.0715269672975
"404",428,81.2503799922186
"405",429,85.1390649475825
"406",430,84.807343155196
"407",431,82.1276481773355
"408",432,85.3228812221025
"409",433,87.9034356234777
"410",434,86.5071067503775
"411",435,84.2852181283624
"412",436,85.9242002048115
"413",437,87.5341177210208
"414",438,84.9734732740809
"415",439,87.9996390002087
"416",440,81.8993190274374
"417",441,89.1448555675628
"418",442,75.4300235907007
"419",443,90.0618514085987
"420",444,84.7153729822443
"421",445,89.1406777069467
"422",446,83.8079408201445
"423",447,85.6097863801723
"424",448,82.0053716853285
"425",449,86.6678233241083
"426",450,81.3507831049734
"427",451,84.8662593856163
"428",452,84.0141905349325
"429",453,86.164684119172
"430",454,83.7767671297325
"431",455,86.6057016332586
"432",456,84.1785893836055
"433",457,76.3738396941788
"434",458,87.8813690525141
"435",459,85.5610858800996
"436",460,88.0217151262272
"437",461,88.63192439501
"438",462,84.928922021217
"439",463,87.4147506332219
"440",464,85.5478056537166
"441",465,89.8377546303573
"442",466,86.8690895441869
"443",467,91.3251637428246
"444",468,84.7854759960017
"445",469,84.7710226388578
"446",470,86.4074931653072
"447",471,79.6927813207669
"448",472,86.1409240263337
"449",473,86.1778547438086
"450",474,80.2309781414775
"451",475,85.0981264169446
"452",476,86.6572115304979
"453",477,85.7103854984741
"454",478,83.9652214626197
"455",479,81.8558463748007
"456",480,63.9926510218477
"457",481,84.2712205010755
"458",482,86.0469137728742
"459",483,81.6163529726392
"460",484,90.5626690851583
"461",485,83.6270011238458
"462",486,85.7468798297031
"463",487,86.1478568844799
"464",488,86.2458232803956
"465",489,86.4708996588107
"466",490,82.8018922738666
"467",491,85.1427075335548
"468",492,84.1796151425548
"469",493,84.7327666415267
"470",494,83.7334992876072
"471",495,90.8888766611585
"472",496,87.3548073785949
"473",497,86.0597336553217
"474",498,84.1833311919743
"475",499,86.6315978993124
"476",500,87.4090329758559
"477",501,85.4627936836032
"478",502,86.4766830752231
"479",503,81.1793263333793
"480",504,83.7289776392545
"481",505,84.8274068265428
"482",506,86.1146687909489
"483",507,84.1326627965733
"484",508,88.7820717307564
"485",509,85.6755086187795
"486",510,86.1713494337743
"487",511,86.3060603042084
"488",512,80.9711375671081
"489",513,84.988066377694
"490",514,85.2435236229452
"491",515,84.3032871542792
"492",516,84.3078224300809
"493",517,82.6781097255955
"494",518,86.316753956204
"495",519,80.9374679682751
"496",520,87.8355441361991
"497",521,83.5817973019403
"498",522,97.5791520920698
"499",523,84.7720841217219
"500",524,83.1889666086631
"501",525,77.732691207109
"502",526,86.3104918196876
"503",527,83.711923308432
"504",528,86.6649206137352
"505",529,79.5874474897688
"506",531,87.2346478243646
"507",532,88.0598910811485
"508",533,83.7091760128257
"509",534,85.8066474572663
"510",535,84.4291410306333
"511",536,84.5524922610867
"512",537,88.1443210970005
"513",538,83.5441183412313
"514",539,85.6278703486823
"515",540,86.0405087555992
"516",541,54.6292352236372
"517",542,87.6145419020491
"518",543,84.7043483462241
"519",544,85.751678759078
"520",545,90.2873948824868
"521",546,86.791894690069
"522",547,85.6175640045956
"523",548,84.9606006486153
"524",549,84.3146467992084
"525",550,88.641276719317
"526",551,86.7645274583496
"527",552,83.8746578759088
"528",553,79.0306031760189
"529",554,86.6620132538366
"530",555,84.6959494922862
"531",556,84.6921228944571
"532",558,87.6634893046574
"533",559,90.6712934601004
"534",561,80.5694394064544
"535",562,88.6545889048958
"536",563,84.1272615465465
"537",564,81.2690171959564
"538",565,85.083037693799
"539",566,85.5170330104299
"540",568,88.2470840922121
"541",569,90.2134743438252
"542",570,89.0838741935475
"543",571,83.4580774670782
"544",573,88.6128477173978
"545",574,88.9739234722141
"546",575,88.0417570157935
"547",577,91.263469601763
"548",580,84.7114060564982
"549",581,87.7418977012361
"550",582,91.940948970397
"551",583,88.9431178073834
"552",585,86.5787973736124
"553",586,85.8146546913139
"554",587,84.3789871938231
"555",588,87.9531720405267
"556",589,59.71866571513
"557",590,81.0406960518373
"558",592,83.6499147259784
"559",593,88.6178345802598
"560",594,91.3384905327639
"561",595,90.6139607692174
"562",596,90.4273896458335
"563",597,87.6895826736968
"564",598,85.7519127214466
"565",599,82.8282711837181
"566",600,84.1504196176609
"567",601,89.7304684969062
"568",602,89.4807916872168
"569",603,85.1201627072409
"570",605,88.2876990195996
"571",606,87.2091853028366
"572",608,88.097497018469
"573",609,91.9103994010395
"574",610,77.490442946456
"575",611,84.475214659287
"576",612,87.0451203340768
"577",613,87.9793278318041
"578",614,82.5654165610367
"579",615,89.1660202101413
"580",616,90.8907669888413
"581",617,91.4322569437301
"582",618,87.9334980432439
"583",619,91.8512019995012
"584",621,87.2803918940824
"585",624,81.886397485359
"586",626,87.5964702843974
"587",627,81.630971470679
"588",628,84.2366860802479
"589",630,90.206394898278
"590",631,91.3116639195944
"591",632,88.2225973156389
"592",633,86.3409867775586
"593",634,86.5200238331982
"594",635,86.8333078556859
"595",637,86.5615525786516
"596",638,86.5990322803395
"597",639,88.6153818014959
"598",640,85.4868607956526
"599",641,88.3777819161588
"600",645,87.5296319647505
"601",647,86.3961709823406
"602",648,77.5804363820355
"603",649,87.0364428295938
"604",650,84.3106098588399
"605",651,82.9989767703053
"606",652,89.6382665761409
"607",653,81.477347118778
"608",656,88.681094700981
"609",658,91.2802108633038
"610",659,86.0137424154265
"611",660,85.2690365635232
"612",661,91.6207891131116
"613",662,87.1212378179581
"614",663,84.7095390551276
"615",664,86.7598938496762
"616",665,84.7896697023602
"617",666,85.140298148014
"618",667,86.4711349647007
"619",668,89.3180544795772
"620",670,88.4770206458204
"621",671,80.7576467117608
"622",673,89.487658985526
"623",674,82.2978820998906
"624",678,76.0113831609832
"625",679,89.209043038314
"626",680,78.9130828647401
"627",681,88.6783626865823
"628",682,88.0312595712805
"629",685,87.4461777595723
"630",687,87.3673683194985
"631",688,87.7029617914171
"632",690,87.7093164790461
"633",691,88.6471010176143
"634",692,86.2116123674835
"635",694,87.356778841219
"636",695,87.3039623712274
"637",696,87.6845632535983
"638",697,80.5645884105737
"639",698,88.6579659309449
"640",700,85.7313520008984
"641",701,91.1332988419743
"642",702,86.1810703856293
"643",703,86.8343394309881
"644",704,85.8543779075176
"645",705,84.241707090789
"646",706,89.771761144209
"647",707,84.6693444938999
"648",708,88.2643393711679
"649",709,89.5644860306777
"650",710,91.7554413949943
"651",711,88.6653595661699
"652",712,88.2150406616463
"653",713,89.347527965636
"654",714,83.6545774576958
"655",715,83.3578461299065
"656",716,87.0994530557496
"657",717,93.142516491195
"658",718,85.8759904027848
"659",719,81.5031036241195
"660",720,88.4112669304716
"661",722,88.3946167585347
"662",724,88.1954714491029
"663",725,86.792005197623
"664",726,87.9832813512978
"665",728,87.1855543047734
"666",729,87.4313771106244
"667",731,85.9201119082879
"668",732,88.4597939753689
"669",733,81.0963149726945
"670",734,84.9844741459036
"671",735,86.2073696510285
"672",736,71.5849078440576
"673",737,82.9265963279569
"674",741,61.8989990060531
"675",742,85.7763609878881
"676",743,89.7192217483291
"677",745,94.3071954651889
"678",746,87.5743636730474
"679",747,88.7225845470917
"680",748,75.5184189687861
"681",750,89.5066338663343
"682",751,89.6063332070728
"683",753,85.3412001873236
"684",754,89.3328785413658
"685",755,87.2904363869373
"686",756,91.9750257602215
"687",757,85.133320230929
"688",759,87.1083882564249
"689",760,90.2254438732102
"690",761,87.4720534334215
"691",762,86.8440062290892
"692",763,83.8062813704201
"693",764,86.4863413882726
"694",765,86.0778605676179
"695",766,88.1308074777183
"696",771,87.7697340530787
"697",775,85.7302360427648
"698",776,85.2650169662658
"699",778,85.0977678231067
"700",779,84.9977463105298
"701",780,64.9180423899914
"702",781,89.4546118571893
"703",782,87.3049252390559
"704",783,86.9324690410477
"705",784,85.5161201137782
"706",785,88.9706396559926
"707",786,82.6188213953249
"708",787,93.5913200608828
"709",788,83.9267400142467
"710",789,90.3924763528057
"711",790,90.0352749266942
"712",791,92.911246636298
"713",792,92.6665519579648
"714",793,87.0958980285407
"715",794,90.5026756539283
"716",797,89.4878488223834
"717",798,85.7585459614557
"718",799,80.382188930017
"719",800,82.568273580179
"720",801,87.6983591461747
"721",802,77.8562163121049
"722",803,87.6600377176427
"723",804,85.645480959193
"724",805,88.7829864003517
"725",806,84.7537989781718
"726",807,89.811267962608
"727",808,89.6378866695648
"728",809,84.9954582574569
"729",810,86.4503713648847
"730",813,86.6134911229448
"731",816,90.4210357699569
"732",818,87.094721776085
"733",819,91.0337346285917
"734",820,91.3871365287684
"735",821,85.9087629501695
"736",823,89.7959732285025
"737",824,85.4035564349414
"738",827,86.7925665674644
"739",828,87.2510068735619
"740",829,87.2233188340903
"741",830,87.8500885334754
"742",831,90.2887898638907
"743",832,80.452251588977
"744",833,89.2986462261819
"745",834,88.3369045986581
"746",835,86.9882464302829
"747",836,81.4508208701265
"748",837,92.200148466079
"749",838,91.2385178218941
"750",839,86.4021417327758
"751",840,88.7362442901399
"752",841,89.0738707828223
"753",842,89.2014640361854
"754",843,87.8915027566352
"755",844,89.3213348419891
"756",845,89.7672277309867
"757",846,79.983382785379
"758",847,86.372637669716
"759",848,81.8631822365259
"760",849,80.8300454842312
"761",850,88.8825304146423
"762",851,81.5374089679892
"763",852,85.3937278861243
"764",853,82.9803315436089
"765",854,89.3164458652826
"766",856,90.9263559103084
"767",858,80.0016336031025
"768",860,89.4455864666512
"769",861,81.7285749722624
"770",862,86.3815538771775
"771",864,86.7101348499508
"772",865,87.6159291135625
"773",866,84.7891087263321
"774",867,89.0952746887458
"775",868,87.2953213545081
"776",869,87.6773852165267
"777",870,87.3108513871581
"778",871,89.3437178613446
"779",872,90.4944178196489
"780",874,87.2543788428682
"781",875,83.7928928441056
"782",876,84.2822942750856
"783",877,85.8469405777863
"784",879,81.3092694136201
"785",880,83.7451345235342
"786",881,88.6832681861993
"787",882,84.9788684023296
"788",884,85.1036451414155
"789",885,89.5055440675495
"790",886,86.3296900715909
"791",888,87.0332763352811
"792",889,89.1162862670076
"793",891,88.5632868342009
"794",892,88.7988828573514
"795",893,86.5078946464738
"796",895,85.2901720746738
"797",896,90.4481136322096
"798",897,83.3259430967114
"799",898,86.5485246504557
"800",899,84.5276922527894
"801",900,85.821199174873
"802",901,87.2420240403532
"803",902,90.3145773301095
"804",903,81.8669290106718
"805",904,80.8073420140612
"806",905,82.6357235635374
"807",906,85.0761101565964
"808",907,89.1177278327385
"809",908,81.0989958799083
"810",909,84.0751452603438
"811",910,87.8069825308767
"812",911,80.5249630945467
"813",912,81.0915546275195
"814",913,85.6093107729109
"815",914,85.4561209641596
"816",915,86.7826904595552
"817",916,83.1825686668115
"818",917,88.1836117837398
"819",918,87.4082164223746
"820",919,83.0893851363106
"821",920,86.4845482880045
"822",921,82.3748501284848
"823",922,85.3210124428144
"824",923,77.2679525187833
"825",924,76.0913734948245
"826",925,89.691479164945
"827",926,87.3004812662099
"828",927,88.8714094738088
"829",928,83.2672268632483
"830",929,82.475232809982
"831",930,85.2839435974361
"832",931,83.029858523473
"833",932,84.1481337869374
"834",933,82.2321742272103
"835",934,86.5186113164697
"836",935,88.6436852761359
"837",936,88.121952271472
"838",937,88.5969884904724
"839",938,86.0597195544198
"840",939,87.4475812424753
"841",940,81.7304409202343
"842",941,84.8291702036452
"843",942,84.8074659656623
"844",943,84.524020322707
"845",944,78.9804720999517
"846",945,85.778352687719
"847",946,90.1520755332102
"848",947,86.8968527580376
"849",948,82.5890047301045
"850",949,82.4618762251077
"851",950,85.9812671025534
"852",951,84.8405003222772
"853",952,79.8075156135272
"854",953,77.0817465165472
"855",954,79.1908307388529
"856",955,84.688662143036
"857",956,87.3264232875901
"858",957,89.6333233759014
"859",958,90.4932924778565
"860",959,86.1492141315764
"861",960,87.8259832407341
"862",961,83.9477400867428
"863",962,87.9520806992372
"864",963,83.2056491944394
"865",964,81.6297155833091
"866",965,85.3482204158893
"867",966,88.2162849048952
"868",967,84.2770769129351
"869",968,85.005908938608
"870",969,85.3803026587063
"871",970,87.6182389279818
"872",971,86.8786475463395
"873",972,87.2244577342977
"874",973,80.5891402249106
"875",974,86.8101256620457
"876",976,88.3297451888518
"877",980,85.810851069107
"878",981,88.0061553158838
"879",982,87.8719255480709
"880",984,85.4352219441834
"881",985,90.4393910742446
"882",986,87.5471911927137
"883",987,87.5042853749426
"884",988,83.962099743855
"885",989,89.2584003293976
"886",990,86.681095628246
"887",991,87.156546039535
"888",992,88.7934103343398
"889",993,83.8202409138016
"890",994,86.893882805304
"891",996,84.7734439218414
"892",997,86.9260788195937
"893",998,88.9322663046716
"894",999,83.7939415281777
"895",1000,87.1773586299455
"896",1002,90.4703956682672
"897",1003,85.157004558499
"898",1004,87.3931064376655
"899",1005,91.888303492075
"900",1006,89.3390080178381
"901",1007,85.4137726956925
"902",1008,83.2211545406233
"903",1009,88.1734007483964
"904",1010,86.6634770298656
"905",1011,86.9841326634984
"906",1012,86.5966612062509
"907",1013,90.1013380004139
"908",1014,88.7721536407753
"909",1015,89.9442765246346
"910",1016,87.5131212500895
"911",1017,88.7683215744023
"912",1018,88.6317075002156
"913",1019,79.3749736347869
"914",1020,88.0867012511397
"915",1021,89.1312708615756
"916",1022,92.1660824801014
"917",1023,87.2939244224625
"918",1024,88.7255468284072
"919",1025,90.8125387270271
"920",1026,90.5993209006985
"921",1027,80.810926512077
"922",1028,86.634978047891
"923",1029,91.1404787204776
"924",1030,89.314858160886
"925",1031,90.6224515785673
"926",1032,88.9723568065735
"927",1033,89.6836068978594
"928",1034,87.313306978526
"929",1035,86.3210902801735
"930",1036,69.1815941840525
"931",1037,62.5039545340614
"932",1038,85.0665179130764
"933",1039,79.5071882435038
"934",1040,85.6705054337657
"935",1041,85.6322684995693
"936",1042,86.818170300908
"937",1043,86.5756057362269
"938",1044,83.1288833476534
"939",1045,88.5582180090612
"940",1046,90.1998065694572
"941",1047,81.8226579014368
"942",1049,83.2159566072857
"943",1050,85.27638889852
"944",1051,87.6085688542022
"945",1053,88.8406206537046
"946",1054,87.4617719928829
"947",1055,86.3006354202736
"948",1056,85.7294065379017
"949",1057,86.0724391917093
"950",1058,92.4911569435416
"951",1059,84.8795783230572
"952",1060,81.11884441374
"953",1061,84.2073567654997
"954",1062,83.848696230408
"955",1063,89.651333021971
"956",1064,86.967981997948
"957",1066,88.7118913089112
"958",1067,90.3930689552208
"959",1068,87.3435345911613
"960",1069,86.9404562559155
"961",1070,89.3923370287446
"962",1071,89.455346029887
"963",1073,87.4305974624753
"964",1075,87.771618313471
"965",1076,87.1479804514229
"966",1077,78.799009521236
"967",1078,86.5180358784365
"968",1079,84.8720109150081
"969",1080,90.3038132485371
"970",1081,88.5446240818949
"971",1082,85.8168185194465
"972",1083,81.1490193958145
"973",1084,83.9752429164992
"974",1085,78.1317654812269
"975",1086,84.123159780255
"976",1087,90.1004144849894
"977",1088,89.3400342126165
"978",1089,85.0955288918404
"979",1090,82.3444595708736
"980",1091,84.5027491604709
"981",1092,85.9935959314892
"982",1093,83.872399250186
"983",1094,84.2713341085012
"984",1095,85.1466573642838
"985",1096,87.6946838224683
"986",1097,78.2570390216283
"987",1098,86.6111412244126
"988",1099,85.4070988774997
"989",1100,82.1911643101095
"990",1101,81.5773735861449
"991",1102,84.9306982579733
"992",1103,85.1976485935434
"993",1104,86.8391357452384
"994",1105,88.4171399579837
"995",1107,85.7627004395453
"996",1111,84.2754292488538
"997",1112,88.3509784836434
"998",1113,87.5799886061985
"999",1114,87.6791722803862
"1000",1116,91.2731343723011
"1001",1117,86.4007584592899
"1002",1119,88.0363716736986
"1003",1120,84.7981677568788
"1004",1121,83.219733769859
"1005",1123,89.4975523690185
"1006",1124,84.653416757365
"1007",1125,83.0321032567346
"1008",1126,89.3310777672584
"1009",1127,63.6819141492643
"1010",1128,86.6542886072386
"1011",1129,73.2131121860406
"1012",1130,84.3514175982898
"1013",1131,77.3736729928032
"1014",1132,79.5362224320058
"1015",1134,86.7177760514221
"1016",1135,85.4446568496337
"1017",1136,87.2280325988436
"1018",1137,85.8884347586096
"1019",1138,93.4292350397484
"1020",1143,88.3677810681809
"1021",1144,90.8722773805788
"1022",1147,81.2441093531857
"1023",1148,93.837830505401
"1024",1149,85.4199466205955
"1025",1150,81.8829981615619
"1026",1151,87.7947362226488
"1027",1152,87.8508516991885
"1028",1153,90.721540992746
"1029",1154,88.6588688204482
"1030",1161,87.716260077267
"1031",1162,84.8202311855937
"1032",1164,87.626407315607
"1033",1167,87.4227097654219
"1034",1168,91.2817219692555
"1035",1169,88.8839792072809
"1036",1170,85.4300910029099
"1037",1171,87.6957171172868
"1038",1172,80.525013706794
"1039",1173,85.2124697948031
"1040",1174,88.3639111975226
"1041",1175,77.1313458405686
"1042",1176,83.1388352290266
"1043",1177,85.7154882130313
"1044",1178,88.1474215105072
"1045",1179,87.118934253432
"1046",1180,84.1010929490947
"1047",1181,85.1187523029725
"1048",1183,84.160092183945
"1049",1184,81.8787249315889
"1050",1185,85.2531540765496
"1051",1186,89.2793053025296
"1052",1187,84.9723668375296
"1053",1188,85.1903368015482
"1054",1189,87.2384917114803
"1055",1190,91.6803205492322
"1056",1191,87.8717649808909
"1057",1192,89.6586448919858
"1058",1193,82.0663505438595
"1059",1194,86.3567349416022
"1060",1196,69.8476669763286
"1061",1197,76.8429393297035
"1062",1198,77.5830337722902
"1063",1199,74.3196713327674
"1064",1200,60.9137226393536
"1065",1201,78.9367490985941
"1066",1202,86.1878954564335
"1067",1203,80.7931983481086
"1068",1204,79.4721561450773
"1069",1206,84.8514530504521
"1070",1207,86.7917389399103
"1071",1208,84.2568555167615
"1072",1209,80.1711340228163
"1073",1210,70.8153203847283
"1074",1211,79.2715654556485
"1075",1212,86.5943138812755
"1076",1213,81.3991347983472
"1077",1214,64.9079027657022
"1078",1215,78.4849097540757
"1079",1216,81.2977862816348
"1080",1217,82.1440091833163
"1081",1218,75.6083414244401
"1082",1219,85.49303496037
"1083",1220,82.72060885959
"1084",1221,82.1733897403423
"1085",1222,86.2874829087754
"1086",1223,95.7894143358372
"1087",1224,83.733380807893
"1088",1225,82.9299776171154
"1089",1226,79.5513059969131
"1090",1227,81.8688956880688
"1091",1228,81.3396991449292
"1092",1230,86.7062083566591
"1093",1231,77.6799945060908
"1094",1232,78.903886293312
"1095",1233,84.0832701836843
"1096",1234,79.8270370747434
"1097",1235,83.2409362728795
"1098",1236,86.4976759412507
"1099",1237,85.26187942965
"1100",1238,86.8846620165849
"1101",1240,58.6938947305124
"1102",1241,89.0835285418805
"1103",1242,81.4531700481235
"1104",1243,82.0238524464872
"1105",1244,86.5713988691276
"1106",1245,88.5283252096518
"1107",1246,80.2538774634106
"1108",1247,84.1534920065482
"1109",1248,82.3703674833859
"1110",1249,77.408947285651
"1111",1250,82.6789102375778
"1112",1251,82.6566620430022
"1113",1252,84.8718612287747
"1114",1253,71.5172166773186
"1115",1254,81.9620218727525
"1116",1255,82.4984086998418
"1117",1256,90.7200613571958
"1118",1257,82.4097416989658
"1119",1258,85.5473245116714
"1120",1259,76.4428640549366
"1121",1260,86.1954999712504
"1122",1261,82.5446848161398
"1123",1262,79.0117752699876
"1124",1263,85.9380009636244
"1125",1264,80.8718642028068
"1126",1265,72.1417900223518
"1127",1266,78.8632543813222
"1128",1267,83.7346088801321
"1129",1268,85.0049199392418
"1130",1269,83.0544164435958
"1131",1270,63.8498634694912
"1132",1271,84.8159618667758
"1133",1272,82.5605019206188
"1134",1273,83.5314072511727
"1135",1274,70.49996631503
"1136",1275,66.1506808079528
"1137",1276,77.2067017086643
"1138",1277,83.964618237715
"1139",1278,80.9994360989643
"1140",1279,80.1544526461129
"1141",1280,80.5603344007676
"1142",1281,88.2720915681333
"1143",1282,85.3999201351159
"1144",1283,80.8340143535868
"1145",1284,84.3595279879183
"1146",1285,87.02436674108
"1147",1286,79.7253320924478
"1148",1287,74.9319878603053
"1149",1288,88.2030622179336
"1150",1289,77.8446815431145
"1151",1290,87.3548259627107
"1152",1291,81.3562128326266
"1153",1292,77.8396516343055
"1154",1293,83.6097160393766
"1155",1295,84.9184776429471
"1156",1296,88.1561700356573
"1157",1297,78.3450987203908
"1158",1298,80.2750976799272
"1159",1299,86.8852336456537
"1160",1300,87.716751267254
"1161",1301,65.0471737425858
"1162",1302,80.202123439137
"1163",1303,74.9918105474044
"1164",1304,77.4186648485958
"1165",1305,83.7663307353358
"1166",1306,70.1416356021452
"1167",1307,85.4424413782511
"1168",1310,87.3704983115346
"1169",1311,89.5559460023899
"1170",1312,89.7710252685727
"1171",1313,87.9040096759116
"1172",1314,89.3974812850686
"1173",1315,96.382325355952
"1174",1317,83.5614854226897
"1175",1318,89.1174573072539
"1176",1320,72.3823559209195
"1177",1321,82.3012620844085
"1178",1322,86.1255774953644
"1179",1323,85.9129541219767
"1180",1324,86.7413766722609
"1181",1325,85.1948490559633
"1182",1326,86.0912425661793
"1183",1327,86.638103907893
"1184",1328,87.7523739425017
"1185",1329,91.4868511800177
"1186",1330,87.974037009278
"1187",1331,84.4149031424276
"1188",1332,85.7110830301078
"1189",1333,84.0903757994204
"1190",1334,83.1166917467496
"1191",1335,86.354050481506
"1192",1336,82.9515283502055
"1193",1337,85.1027621050377
"1194",1339,81.8150995156983
"1195",1340,84.3795089099803
"1196",1341,88.6068727768078
"1197",1342,84.3523091151685
"1198",1343,81.8999663517178
"1199",1344,85.1231042065372
"1200",1345,86.8270437162814
"1201",1346,86.9911805582734
"1202",1347,81.3686371252984
"1203",1348,86.7554070286871
"1204",1349,89.106270721192
"1205",1350,81.3371703512065
"1206",1351,84.7282461721133
"1207",1352,83.3008106195518
"1208",1353,87.6003207917359
"1209",1354,83.8644121144615
"1210",1355,84.8364792011202
"1211",1356,72.6059807649244
"1212",1357,83.8749448069329
"1213",1358,79.7710933905876
"1214",1359,87.9390943618641
"1215",1360,89.8348963620099
"1216",1361,86.4036458557994
"1217",1363,87.6076621219689
"1218",1364,88.4992753011312
"1219",1365,81.3501619918268
"1220",1366,85.8660646172525
"1221",1367,89.9725817439098
"1222",1369,91.243278057468
"1223",1370,81.690728501889
"1224",1371,82.9978623791685
"1225",1372,84.345200599911
"1226",1373,88.3709214715667
"1227",1374,76.7752967869956
"1228",1375,84.4473982736692
"1229",1376,82.6905024943511
"1230",1377,87.2684879266839
"1231",1378,79.4613037058748
"1232",1379,83.6612575689164
"1233",1380,87.7248238762153
"1234",1381,86.6666279983058
"1235",1382,85.5900529216571
"1236",1383,85.8161277756542
"1237",1384,90.3580160193794
"1238",1385,81.271745269421
"1239",1387,79.5066071155734
"1240",1388,87.3876920490783
"1241",1389,87.2867669776462
"1242",1390,85.8888210932871
"1243",1391,81.3592640035382
"1244",1392,89.83069889936
"1245",1393,82.3750417465063
"1246",1394,85.5371562109838
"1247",1395,86.4934582099336
"1248",1396,69.2049367893439
"1249",1397,87.9781753043264
"1250",1398,86.4446582755425
"1251",1399,88.0572949549074
"1252",1401,86.2206161597861
"1253",1404,81.9535178701573
"1254",1405,88.8063508418594
"1255",1406,88.2941725320467
"1256",1407,83.6807142043596
"1257",1408,77.8194965879467
"1258",1409,82.6969451908426
"1259",1410,86.8582292829557
"1260",1411,84.0686217053028
"1261",1412,87.6196435807222
"1262",1413,85.2288181798805
"1263",1414,82.4501192163296
"1264",1415,87.6924366211976
"1265",1416,89.4619468761203
"1266",1417,87.1330579594841
"1267",1419,86.2418272370647
"1268",1420,87.0508958867156
"1269",1422,87.1155734986185
"1270",1423,84.847672322719
"1271",1425,85.5601086238823
"1272",1426,89.4187980553522
"1273",1427,89.2056487889508
"1274",1429,81.3971433572672
"1275",1430,86.6354346493172
"1276",1431,87.1056582090669
"1277",1432,87.0059166972019
"1278",1433,85.75790002651
"1279",1436,85.2309970068847
"1280",1437,86.210191891759
"1281",1438,80.1846219469534
"1282",1439,85.663681545068
"1283",1440,85.2606835660916
"1284",1441,85.9829521970842
"1285",1442,83.6743880641694
"1286",1444,92.2182543581373
"1287",1445,86.4358890374289
"1288",1446,81.5291079557285
"1289",1447,85.9097026056616
"1290",1449,86.2089715232228
"1291",1450,90.6435699556902
"1292",1453,87.8865078775409
"1293",1454,86.4111215051416
"1294",1455,83.8961850605118
"1295",1456,86.8341880702152
"1296",1457,87.6490181537838
"1297",1458,84.6490277106575
"1298",1459,85.2736271601065
"1299",1460,88.0596527951899
"1300",1461,87.1829259614467
"1301",1463,86.059331724373
"1302",1464,84.0930836039076
"1303",1465,83.8798581608445
"1304",1466,83.055330461807
"1305",1468,86.7955384695955
"1306",1470,91.305711373996
"1307",1471,89.3483233700551
"1308",1472,87.0372746449959
"1309",1473,86.79062715619
"1310",1474,89.484817233085
"1311",1475,88.9156648591153
"1312",1476,83.8757534069137
"1313",1477,85.5366703777016
"1314",1479,81.9140201634448
"1315",1480,80.0368037257919
"1316",1482,86.7440365204966
"1317",1483,89.0184486218358
"1318",1484,86.7957437995551
"1319",1485,84.3745122035348
"1320",1486,87.4957541819933
"1321",1487,88.5496965209609
"1322",1488,85.7296012359276
"1323",1489,88.5261799279656
"1324",1493,88.0778312553988
"1325",1495,83.3287058588582
"1326",1496,87.856309015512
"1327",1497,85.5848802780353
"1328",1498,85.9899610718283
"1329",1499,86.086183913766
"1330",1500,78.3865762013093
"1331",1501,82.2317053055747
"1332",1502,86.5287021446695
"1333",1503,84.2896686994163
"1334",1504,88.6604363582085
"1335",1507,86.6383816523675
"1336",1508,80.3605144322821
"1337",1509,89.5869428128889
"1338",1511,86.021214556771
"1339",1513,88.8990380447111
"1340",1514,85.7060466236185
"1341",1515,81.2839530244241
"1342",1516,84.5580962628666
"1343",1517,84.8713856103667
"1344",1518,81.9734799895026
"1345",1519,87.9594098829273
"1346",1520,85.7943751419703
"1347",1523,87.3240826115216
"1348",1525,83.2637833104905
"1349",1526,86.7300223849032
"1350",1527,60.1376882390593
"1351",1529,89.3605272285733
"1352",1531,86.9947112134625
"1353",1532,81.1816902344397
"1354",1533,90.3960505810537
"1355",1534,92.4301997084512
"1356",1535,87.9046324148045
"1357",1537,85.998746424554
"1358",1538,89.2106771132347
"1359",1539,84.2124417818068
"1360",1541,84.710465369702
"1361",1542,88.4424776993756
"1362",1543,85.3979941489443
"1363",1544,81.5270692674246
"1364",1545,86.2496517498574
"1365",1546,82.920486431934
"1366",1547,90.8092909147413
"1367",1549,84.3611682528
"1368",1550,88.3180989660071
"1369",1551,86.7084031889332
"1370",1552,82.5311660455723
"1371",1554,83.725898452699
"1372",1555,90.5621507357807
"1373",1556,86.6673659310806
"1374",1562,88.3076532217036
"1375",1563,86.6066919155674
"1376",1564,87.144271366925
"1377",1565,79.9738504763266
"1378",1566,86.8622207613605
"1379",1567,84.7908529891444
"1380",1569,88.4959479634687
"1381",1570,79.4638293174356
"1382",1571,88.0842244193214
"1383",1572,87.3797923344109
"1384",1573,75.9863118905543
"1385",1574,82.4181973992805
"1386",1575,89.694103667175
"1387",1580,65.0941277942287
"1388",1581,85.0025873233442
"1389",1582,88.4901088445175
"1390",1583,89.3251154652867
"1391",1584,64.4500017434589
"1392",1585,88.0588039014211
"1393",1586,85.0224411091109
"1394",1587,71.8696208055114
"1395",1588,88.6392981648209
"1396",1589,83.4763445991583
"1397",1590,78.2081565386505
"1398",1591,83.0379989576807
"1399",1592,92.5767771301325
"1400",1593,89.2796859864229
"1401",1594,84.5602337199082
"1402",1595,86.0545776064766
"1403",1596,87.6172696554611
"1404",1597,77.1337125041789
"1405",1598,84.7335075130067
"1406",1599,87.5013805629368
"1407",1600,84.8640088409402
"1408",1601,85.4387839438221
"1409",1602,86.4098827953476
"1410",1603,81.1005796444692
"1411",1604,90.3725004503788
"1412",1605,85.6433063043915
"1413",1606,82.664499053317
"1414",1608,83.6736698229423
"1415",1609,84.5946094925406
"1416",1610,79.448848173501
"1417",1611,87.3279166280055
"1418",1612,85.0364787482594
"1419",1613,86.3662287348225
"1420",1614,88.3222328400518
"1421",1615,82.6088561127123
"1422",1616,86.2596426658815
"1423",1617,79.6959080785707
"1424",1619,85.025372159567
"1425",1620,85.5936090875957
"1426",1621,85.7281342114425
"1427",1622,84.1536909238849
"1428",1623,86.861341052131
"1429",1624,86.126378771844
"1430",1625,69.023373447426
"1431",1626,87.3149403608676
"1432",1627,84.6410001125741
"1433",1629,87.8685309162884
"1434",1631,81.3908960766962
"1435",1632,86.900691799743
"1436",1633,81.6839728854384
"1437",1635,85.9972804102783
"1438",1636,84.4465447872867
"1439",1639,87.0158934656784
"1440",1640,83.3855000173471
"1441",1641,85.833393546413
"1442",1642,83.1070318971575
"1443",1643,83.6603522592554
"1444",1644,85.0149228221444
"1445",1645,76.9861994495771
"1446",1646,84.8762659567456
"1447",1647,81.6153590265843
"1448",1648,86.4402477677619
"1449",1649,81.6018286803933
"1450",1650,86.3838128383519
"1451",1651,83.6307870350295
"1452",1652,90.263688920793
"1453",1653,57.6461790618165
"1454",1654,87.6167298145677
"1455",1655,84.4714847818219
"1456",1656,79.0527657164125
"1457",1657,89.9101514302097
"1458",1658,80.1668106848716
"1459",1659,79.6862259584562
"1460",1660,85.2139423091508
"1461",1661,85.2989516186535
"1462",1662,86.2539927573158
"1463",1663,79.4574866552053
"1464",1664,91.5426386096102
"1465",1665,86.6604192324527
"1466",1666,88.3605932338761
"1467",1667,83.0809420922301
"1468",1668,85.8078461330475
"1469",1670,91.1609239906038
"1470",1671,79.1336029302801
"1471",1672,83.6522215304754
"1472",1673,84.8654531381618
"1473",1674,81.4002266077902
"1474",1675,80.497403166162
"1475",1676,73.4740453373443
"1476",1677,84.5429408584833
"1477",1678,85.5563267979025
"1478",1679,86.8437423191131
"1479",1680,79.0112571692957
"1480",1681,88.5923191418227
"1481",1682,65.9924237632239
"1482",1683,86.2161327385331
"1483",1684,86.7965338414828
"1484",1685,84.9099798545988
"1485",1686,86.3524385365091
"1486",1687,84.4248329749817
"1487",1688,90.0507871448295
"1488",1689,86.5463333808624
"1489",1690,71.7374139840793
"1490",1693,83.8825925005285
"1491",1694,85.2907047811539
"1492",1695,85.4281272802245
"1493",1696,91.8407558600431
"1494",1698,85.1230981755227
"1495",1699,86.2974958010661
"1496",1701,84.5975975980359
"1497",1702,84.6808440308297
"1498",1703,86.1117595107617
"1499",1704,79.4175475229516
"1500",1707,85.5022742893177
"1501",1711,85.1449277182248
"1502",1713,84.1691063741112
"1503",1715,87.1185610622548
"1504",1717,85.5835867776686
"1505",1718,89.6396383614203
"1506",1719,83.2880242192977
"1507",1721,77.9131992458877
"1508",1722,86.2479245120843
"1509",1723,81.4992067844956
"1510",1725,85.2147642416204
"1511",1726,78.1212377606132
"1512",1727,87.6168836784561
"1513",1728,84.9186707623239
"1514",1729,87.7285084797944
"1515",1730,77.1621768073056
"1516",1731,86.2134415138926
"1517",1732,88.1248214859938
"1518",1733,82.9360714030221
"1519",1734,88.7002151348975
"1520",1735,81.8883346784674
"1521",1739,83.7700687126797
"1522",1743,91.28276650536
"1523",1744,85.1614855419968
"1524",1746,85.7626380744357
"1525",1747,87.0384238113432
"1526",1748,59.183371207784
"1527",1749,77.2593118781354
"1528",1750,86.4051383633203
"1529",1752,84.7727620789479
"1530",1753,85.8227500567981
"1531",1754,76.8890239267417
"1532",1755,81.6977711203921
"1533",1756,83.575888447156
"1534",1757,83.5458644782783
"1535",1759,84.5877182372462
"1536",1760,86.3003674084665
"1537",1762,81.8190990778166
"1538",1767,86.4685336445557
"1539",1769,81.4416561007503
"1540",1770,87.3305643841294
"1541",1771,87.7441350764211
"1542",1772,87.9270841712809
"1543",1773,88.5569590715794
"1544",1777,84.44392736804
"1545",1779,76.7962425390335
"1546",1780,86.6243826454529
"1547",1783,82.4522418033598
"1548",1784,82.3508992603755
"1549",1785,85.7115900927916
"1550",1788,82.3669287560477
"1551",1791,84.8358096958703
"1552",1792,84.9194218145769
"1553",1793,87.7593537032786
"1554",1794,83.9587835004712
"1555",1795,91.2430332177578
"1556",1797,80.6240818375151
"1557",1798,84.254758104093
"1558",1799,80.0759072683562
"1559",1801,82.991011946959
"1560",1804,83.9565010155768
"1561",1805,84.6228346230858
"1562",1806,88.4160190787364
"1563",1807,79.0044197976216
"1564",1809,85.4071816872254
"1565",1810,83.9324654968083
"1566",1811,86.5004701566901
"1567",1812,82.3252071906426
"1568",1814,88.4043819731849
"1569",1816,86.1518196004499
"1570",1817,85.1823895150526
"1571",1820,86.6410559503991
"1572",1821,89.4861648515829
"1573",1822,87.6339604854302
"1574",1824,80.7656648772603
"1575",1825,86.4901632631687
"1576",1826,82.7704327056847
"1577",1827,88.5289802850947
"1578",1829,83.0064571254271
"1579",1831,75.9669607531765
"1580",1832,80.911322031311
"1581",1833,86.4676091226759
"1582",1834,78.6261719263733
"1583",1835,81.7872866801232
"1584",1836,86.3806262772253
"1585",1837,86.5346621126055
"1586",1839,87.5334479000872
"1587",1840,83.7979092624956
"1588",1841,84.1313740371102
"1589",1844,86.4127787590552
"1590",1845,75.8315409978719
"1591",1846,88.3862910028541
"1592",1848,84.6665498443972
"1593",1850,85.9234597890797
"1594",1853,87.2061337350818
"1595",1854,82.7796427794178
"1596",1855,83.9607392628675
"1597",1856,87.2484937098295
"1598",1857,87.893250470823
"1599",1858,82.3927110142218
"1600",1859,87.9765017856855
"1601",1860,81.4602338260707
"1602",1861,87.0693694400442
"1603",1862,86.066874061347
"1604",1863,88.5900837180309
"1605",1864,79.2528068099793
"1606",1865,88.9353202457911
"1607",1866,84.4491060640554
"1608",1867,85.3655189617469
"1609",1869,86.4578479319153
"1610",1870,84.4327550810526
"1611",1871,88.9626383760786
"1612",1872,85.7803997290412
"1613",1873,80.0874057848717
"1614",1874,84.7898789930517
"1615",1875,90.081535036792
"1616",1876,72.4727979351174
"1617",1877,86.6754019727216
"1618",1878,87.2840754260723
"1619",1879,86.9012951484301
"1620",1880,83.2739014382501
"1621",1881,90.0821943347698
"1622",1882,78.6163101512777
"1623",1883,86.369826097828
"1624",1884,84.9275436921996
"1625",1885,87.7794563821563
"1626",1886,89.408695180503
"1627",1887,87.7200862950332
"1628",1888,87.9634047597773
"1629",1889,84.7139941455428
"1630",1890,88.1573667938526
"1631",1891,82.9941703667805
"1632",1892,83.6604410616266
"1633",1893,89.5212297856053
"1634",1894,86.1028471217778
"1635",1895,89.5236500918112
"1636",1896,86.7855049451579
"1637",1897,89.4240706483771
"1638",1898,89.8782449674476
"1639",1899,84.6170015321942
"1640",1900,90.7025747392511
"1641",1901,89.3054720903449
"1642",1902,83.0641543178174
"1643",1903,82.6094535598616
"1644",1904,81.0870699703694
"1645",1906,85.32587618949
"1646",1907,88.1500289771797
"1647",1908,87.2628656416808
"1648",1909,76.1924074051455
"1649",1910,84.5724751065802
"1650",1911,87.2543728676382
"1651",1912,81.9761254242872
"1652",1913,86.0461148927758
"1653",1914,84.9615389008961
"1654",1916,87.2859256327023
"1655",1917,75.8821411830378
"1656",1918,80.0685196243138
"1657",1919,90.5312635268805
"1658",1920,83.2476425321644
"1659",1921,75.426410279967
"1660",1922,89.3471896292962
"1661",1923,83.5678535445646
"1662",1924,85.4393938179766
"1663",1925,85.0706421938235
"1664",1926,90.835460505714
"1665",1927,87.9511193243898
"1666",1928,86.4545899849672
"1667",1929,87.8515190991783
"1668",1930,88.4665225608535
"1669",1931,83.4606043506664
"1670",1932,89.5162954841923
"1671",1933,89.5511248856367
"1672",1934,85.6998897003724
"1673",1935,86.2470658879168
"1674",1936,87.8505583805358
"1675",1937,83.6847973462946
"1676",1938,82.6980975754196
"1677",1939,85.0133418742668
"1678",1940,89.770663117571
"1679",1941,88.7557780246839
"1680",1942,86.1126802891574
"1681",1943,88.6981844152099
"1682",1944,85.6452492213954
"1683",1945,83.4984778669523
"1684",1946,85.3797180439405
"1685",1947,87.5158137843898
"1686",1948,87.7503879169634
"1687",1949,83.376810270221
"1688",1950,83.2076393831525
"1689",1951,85.6831514350545
"1690",1952,86.3607334924105
"1691",1953,81.7409989618763
"1692",1954,73.697250243536
"1693",1955,84.1256052307757
"1694",1956,86.6892197475488
"1695",1957,84.5641095685989
"1696",1958,87.2264575709378
"1697",1959,86.5337348784103
"1698",1960,78.074587959083
"1699",1961,85.6751984385319
"1700",1962,85.187360599447
"1701",1963,84.9917830628866
"1702",1964,86.5623034710137
"1703",1965,81.0980266202691
"1704",1966,84.3345420617181
"1705",1967,85.0693877860128
"1706",1968,83.8654572636585
"1707",1969,86.5277096726433
"1708",1970,85.1611292886633
"1709",1971,84.4750739137848
"1710",1972,85.4021524045868
"1711",1973,85.3152880326076
"1712",1974,86.3260197679227
"1713",1975,87.0681597428441
"1714",1976,85.9337538037529
"1715",1977,86.6641538539975
"1716",1978,86.8857098574132
"1717",1979,86.4416606612573
"1718",1980,86.3948866627445
"1719",1981,86.6590956888916
"1720",1982,84.2332781412697
"1721",1983,87.42724406653
"1722",1984,85.7796661663798
"1723",1985,88.5611619604276
"1724",1986,87.9645329273786
"1725",1987,87.9780505403423
"1726",1988,85.4856792573793
"1727",1989,86.7601186803596
"1728",1990,86.225743005322
"1729",1991,87.6992511099175
"1730",1992,88.4915286181431
"1731",1993,86.422708823382
"1732",1994,80.7784794457045
"1733",1995,85.4088000175504
"1734",1996,85.3523245550398
"1735",1997,81.3522923227312
"1736",1998,82.5854579542405
"1737",1999,84.1708576703632
"1738",2000,74.8430558996688
"1739",2001,78.1070057195925
"1740",2002,80.4628995171437
"1741",2003,79.776041227545
"1742",2004,84.5441785833088
"1743",2005,84.0251850672889
"1744",2006,80.4353587398339
"1745",2007,87.6785288557255
"1746",2008,80.8694250080159
"1747",2009,65.1561079027134
"1748",2010,73.0391824122304
"1749",2011,73.2530913667645
"1750",2012,76.5161439745473
"1751",2013,78.7218943253766
"1752",2014,88.5199635668122
"1753",2015,83.04268570119
"1754",2016,82.988881531291
"1755",2017,87.0539284630335
"1756",2018,89.8810630615537
"1757",2019,78.0329626525556
"1758",2020,84.0079760893049
"1759",2021,71.3021435173775
"1760",2022,79.2596732393201
"1761",2023,87.1808542286306
"1762",2024,83.1563336898369
"1763",2025,87.6507029122634
"1764",2026,86.0373782815214
"1765",2027,89.8907489133167
"1766",2028,78.2009537817795
"1767",2029,89.0794822341802
"1768",2031,85.1956116750991
"1769",2032,86.7578278042197
"1770",2033,87.9388122967116
"1771",2034,69.9940366448382
"1772",2035,86.3003120010162
"1773",2036,86.8621174543548
"1774",2037,90.3537554059455
"1775",2038,86.3068808522979
"1776",2039,88.788670995902
"1777",2040,83.0402913672779
"1778",2041,86.5979437712792
"1779",2042,91.4087811771035
"1780",2043,87.654228171374
"1781",2044,84.0109815327113
"1782",2045,86.2340835319528
"1783",2046,79.8196360725493
"1784",2047,87.9853364389914
"1785",2048,88.6572347094778
"1786",2049,86.9422377643053
"1787",2050,87.8293352106589
"1788",2051,87.8491624386242
"1789",2052,90.7031838640179
"1790",2053,86.4984413422475
"1791",2054,81.411923577253
"1792",2055,82.8414595922229
"1793",2056,86.810753890475
"1794",2057,89.3495585021428
"1795",2058,79.2233155192023
"1796",2059,91.3977190191395
"1797",2060,87.643311273352
"1798",2061,85.6539466576227
"1799",2062,86.5111002754915
"1800",2063,90.3458533099279
"1801",2064,86.8599327713046
"1802",2065,81.1993735728359
"1803",2066,85.6979624067855
"1804",2067,81.8433384286767
"1805",2068,86.5597564643725
"1806",2069,86.3906711343307
"1807",2070,85.2592982721909
"1808",2071,85.3236052349455
"1809",2072,84.6432400510951
"1810",2073,83.0216793999237
"1811",2074,90.9279294127099
"1812",2075,87.6461074243003
"1813",2076,87.1250661217944
"1814",2077,85.5461690162363
"1815",2078,88.4236098157456
"1816",2079,88.4048097575985
"1817",2080,91.4211006334622
"1818",2081,92.4028687453991
"1819",2082,92.0539663484998
"1820",2083,88.4445235996506
"1821",2084,86.931323630706
"1822",2085,91.1840698093402
"1823",2086,82.7797251390664
"1824",2087,96.4962529817274
"1825",2088,83.6777424114826
"1826",2089,89.0925291083194
"1827",2090,89.4799577062603
"1828",2091,87.0939831399342
"1829",2092,87.8390634510109
"1830",2093,86.982757785571
"1831",2094,84.659177691838
"1832",2095,86.3441366123124
"1833",2096,91.3526038140705
"1834",2097,83.3513431813706
"1835",2098,85.7838295448851
"1836",2099,89.7059980130621
"1837",2100,85.7239285563866
"1838",2101,86.9463472791459
"1839",2102,87.2610490413452
"1840",2103,85.9359962619517
"1841",2104,83.6557494389897
"1842",2105,60.1557380104031
"1843",2106,88.7621868912027
"1844",2107,86.5730698187771
"1845",2108,78.3331103740035
"1846",2109,83.3093490754373
"1847",2110,84.9245588066323
"1848",2111,85.4324477718375
"1849",2112,76.3389068312352
"1850",2113,87.2254765712151
"1851",2114,81.1094851801047
"1852",2115,83.8634722765254
"1853",2116,85.6761137970932
"1854",2117,79.6030744986694
"1855",2118,77.1780954925491
"1856",2119,79.0841299800791
"1857",2120,84.80966692833
"1858",2121,85.4123397473627
"1859",2122,84.3077833583123
"1860",2123,90.1220650478986
"1861",2124,86.2682642600472
"1862",2125,85.4466945506233
"1863",2126,80.5159833263962
"1864",2128,85.8022546966741
"1865",2129,89.5406344891354
"1866",2130,86.4799007427195
"1867",2131,89.5854243498433
"1868",2132,86.1708837697256
"1869",2133,86.3485236014754
"1870",2134,82.0052810067106
"1871",2135,83.8340300817289
"1872",2136,82.9914453813586
"1873",2137,88.467430908
"1874",2138,81.16227636731
"1875",2139,83.6251231258061
"1876",2140,75.3066376538204
"1877",2141,87.3269438630549
"1878",2142,88.214077755941
"1879",2143,79.7463119871939
"1880",2144,87.924642908385
"1881",2145,89.0726334456475
"1882",2146,86.7572798136498
"1883",2147,82.5797722577214
"1884",2148,84.7620011729283
"1885",2149,83.8292780524718
"1886",2150,82.53928067058
"1887",2151,88.1058121338404
"1888",2152,92.2792507006115
"1889",2153,83.5569230350322
"1890",2154,86.5148030449629
"1891",2155,87.0774889942354
"1892",2156,92.343052463878
"1893",2157,82.4244753422576
"1894",2158,88.758142783341
"1895",2159,88.2131694412383
"1896",2160,85.1164878868307
"1897",2161,81.1890098150902
"1898",2162,86.3075091953061
"1899",2163,86.1363250210951
"1900",2164,87.2270367715321
"1901",2165,86.3256161736032
"1902",2166,81.1906858976543
"1903",2167,80.0192473449012
"1904",2168,88.4734717603183
"1905",2169,89.2677063549684
"1906",2170,89.7497247315795
"1907",2171,84.0948131621169
"1908",2172,89.2415498294745
"1909",2173,82.8441946459919
"1910",2174,84.6260122055155
"1911",2175,82.278638430624
"1912",2176,80.694438035723
"1913",2177,84.6501920893234
"1914",2178,84.8032449901449
"1915",2179,83.4357298577531
"1916",2180,86.3362801192599
"1917",2181,84.4099159163339
"1918",2182,85.9530141388005
"1919",2183,83.5778736779437
"1920",2184,83.1305599024162
"1921",2185,87.1134238119605
"1922",2186,82.583212809346
"1923",2187,85.3983110365211
"1924",2188,84.5592666229248
"1925",2189,86.7524159373232
"1926",2190,87.0883449902822
"1927",2191,86.5866602479559
"1928",2192,88.1183210258167
"1929",2193,75.3801783641834
"1930",2194,81.2351750980133
"1931",2195,85.8808773185027
"1932",2196,81.9086177370748
"1933",2197,83.4999889455554
"1934",2198,85.213791713701
"1935",2199,89.0597825183349
"1936",2200,84.3574952739431
"1937",2201,84.9186115826979
"1938",2202,80.9516377454561
"1939",2203,86.4399918723058
"1940",2204,82.9829384342078
"1941",2205,84.9007345165607
"1942",2206,83.3498017039137
"1943",2207,86.4383235159471
"1944",2208,85.6069739217066
"1945",2209,90.1028928313129
"1946",2210,86.393712676531
"1947",2211,88.3568730445902
"1948",2212,84.3534045253203
"1949",2214,78.7614549376139
"1950",2215,85.1915477559144
"1951",2219,89.3295656516958
"1952",2221,90.4296952803587
"1953",2226,85.6815873811468
"1954",2227,89.7012268954117
"1955",2231,83.883692243404
"1956",2232,72.1141110379151
"1957",2234,91.0401300376548
"1958",2236,84.5426642679398
"1959",2237,82.9963455505528
"1960",2238,87.5738309398712
"1961",2239,85.6216710029174
"1962",2240,87.6439463221586
"1963",2241,86.9557502587934
"1964",2242,85.6563287404679
"1965",2243,83.1899604605869
"1966",2244,85.1207624744858
"1967",2245,85.8390407048354
"1968",2246,85.6667537464122
"1969",2247,88.1709322991636
"1970",2248,82.3925812060151
"1971",2249,84.5255371109889
"1972",2250,86.6633926199727
"1973",2252,80.465468458743
"1974",2253,83.2259050060951
"1975",2255,85.178231824742
"1976",2256,82.6143744172896
"1977",2257,87.6459119244826
"1978",2259,85.696318871156
"1979",2260,77.751735208205
"1980",2261,85.2157964462764
"1981",2262,87.3263883521277
"1982",2263,79.5775882430433
"1983",2264,83.9920083681493
"1984",2265,83.7859231021655
"1985",2266,86.0640964368611
"1986",2267,84.1356951615583
"1987",2268,82.1040683620519
"1988",2269,85.3354075561836
"1989",2271,84.9476310695924
"1990",2272,87.4300535542276
"1991",2273,85.3512820001781
"1992",2275,74.8529704101681
"1993",2276,85.3723685522167
"1994",2278,78.231725314073
"1995",2279,87.4180798861518
"1996",2280,82.7789956252018
"1997",2281,87.0429692862653
"1998",2282,87.7941641359097
"1999",2283,86.9119987768496
"2000",2284,89.1136826139062
"2001",2285,83.7934251785955
"2002",2286,81.6292244656867
"2003",2287,77.317691162645
"2004",2288,76.7397225900891
"2005",2289,83.0633225885238
"2006",2290,86.3926148492831
"2007",2291,84.1405120956855
"2008",2292,85.6774367300286
"2009",2293,84.149321924081
"2010",2294,83.3500773111973
"2011",2295,85.297856101881
"2012",2296,87.340651700284
"2013",2297,71.8085862978197
"2014",2298,87.040575481133
"2015",2300,85.6804703807164
"2016",2301,79.8030358432401
"2017",2302,84.0833758603301
"2018",2303,86.2697844072242
"2019",2304,83.9955429410452
"2020",2305,82.9207531812998
"2021",2306,84.6955382968365
"2022",2307,81.3912970372466
"2023",2310,82.7445665069355
"2024",2311,68.6909136054757
"2025",2312,80.6162146311336
"2026",2313,82.1431010432387
"2027",2314,84.9011670687391
"2028",2315,86.9184404540623
"2029",2316,89.2288794692714
"2030",2317,88.1899868208773
"2031",2318,88.5949687754486
"2032",2320,83.971048761543
"2033",2321,75.6120735314854
"2034",2322,74.1025110957529
"2035",2323,85.7788843635987
"2036",2324,83.1706982180577
"2037",2325,85.6494617432008
"2038",2327,83.4561817541317
"2039",2328,86.3093131537104
"2040",2329,93.2245820256071
"2041",2330,83.2146477003436
"2042",2331,86.5967385035616
"2043",2332,87.0724862043334
"2044",2333,82.8681635761214
"2045",2334,86.9286688739397
"2046",2335,88.3072179943095
"2047",2336,83.6393023169683
"2048",2337,84.7066031720357
"2049",2338,86.4573954713579
"2050",2339,90.3223993373592
"2051",2340,82.184541200895
"2052",2341,87.3971259951892
"2053",2342,87.1677738006598
"2054",2344,84.323942591432
"2055",2345,87.2113237095634
"2056",2346,83.2750122053578
"2057",2347,85.973794245587
"2058",2348,88.8635559398108
"2059",2349,85.066814105402
"2060",2350,86.9000333090722
"2061",2351,88.528521468613
"2062",2352,84.1906797880918
"2063",2353,76.431008313984
"2064",2354,88.3403225151712
"2065",2355,87.4194103447673
"2066",2356,86.1063574625082
"2067",2357,89.1224920353451
"2068",2358,84.9497880367782
"2069",2359,83.3723827079036
"2070",2360,85.3988407574948
"2071",2361,91.2802985497441
"2072",2362,88.4530073685977
"2073",2363,83.5296501130293
"2074",2364,86.3199801410961
"2075",2365,83.7119401864988
"2076",2366,82.131653661212
"2077",2367,81.7413541638147
"2078",2368,86.1191706666114
"2079",2369,88.0364958276033
"2080",2370,83.202174678153
"2081",2371,80.4940349155707
"2082",2372,82.3045450481999
"2083",2373,84.338880513286
"2084",2374,79.7219341371023
"2085",2375,83.303646753855
"2086",2376,89.7853735444496
"2087",2377,82.8282691620635
"2088",2378,85.3251667923421
"2089",2379,85.1876748735183
"2090",2380,85.7723925912521
"2091",2381,86.7376674411226
"2092",2382,87.5691050734594
"2093",2383,85.8620499989849
"2094",2384,88.7095861965736
"2095",2385,85.9660410570437
"2096",2386,83.9255042931806
"2097",2387,85.7809653658499
"2098",2388,88.9425467592466
"2099",2389,87.9958040015113
"2100",2390,83.0219161374699
"2101",2391,83.1731659081058
"2102",2392,88.0478132564113
"2103",2393,83.1913775170401
"2104",2394,84.0190372966228
"2105",2395,85.7465724961303
"2106",2396,85.07533757382
"2107",2397,84.7970555567128
"2108",2398,85.6160175785462
"2109",2399,86.4184964000928
"2110",2400,87.6637863288939
"2111",2401,78.8788117873783
"2112",2402,81.840925167774
"2113",2403,79.5480196369502
"2114",2404,82.2714585240177
"2115",2405,85.9431699565566
"2116",2406,84.6540151325112
"2117",2407,80.5920376075062
"2118",2408,84.7491321113605
"2119",2409,80.0839030485701
"2120",2410,80.9665609682102
"2121",2411,83.5969115149789
"2122",2412,86.5368652530579
"2123",2413,83.0791599910514
"2124",2414,74.6504338247472
"2125",2415,85.2418623634718
"2126",2416,84.4106187567497
"2127",2417,88.3459942965668
"2128",2418,83.9582818643065
"2129",2419,85.6913505382687
"2130",2420,78.5699456689263
"2131",2421,80.1268523142084
"2132",2422,83.7681028536405
"2133",2423,83.6086960039576
"2134",2424,87.6679124414655
"2135",2425,84.3855496837967
"2136",2426,85.0142855279215
"2137",2427,85.7502894313572
"2138",2428,84.4469467557751
"2139",2429,82.2199125252894
"2140",2430,87.2065315878758
"2141",2431,83.8728127798633
"2142",2432,89.8288019816197
"2143",2433,85.4877293503516
"2144",2434,82.9696048341269
"2145",2435,86.1909012767534
"2146",2436,89.1343888006174
"2147",2437,87.4412515210772
"2148",2439,83.7275925658541
"2149",2440,87.5685269043493
"2150",2441,84.8362896073049
"2151",2442,86.5021902565764
"2152",2443,81.6624624073114
"2153",2444,83.8937356349312
"2154",2445,84.8039060862577
"2155",2446,83.7071959809797
"2156",2447,90.0313021009941
"2157",2448,78.5208444661251
"2158",2449,82.506680020429
"2159",2450,81.8847760403117
"2160",2451,85.0755493807244
"2161",2452,86.2688652256275
"2162",2453,86.0613586033608
"2163",2454,82.360805027942
"2164",2455,77.8683106958511
"2165",2456,83.4843277124793
"2166",2457,85.0800835351719
"2167",2458,84.2079169145446
"2168",2459,89.6860262001371
"2169",2460,87.9428895316265
"2170",2461,86.4054797530844
"2171",2462,86.9934761537887
"2172",2463,83.7617137865396
"2173",2464,87.8446703437797
"2174",2465,84.5080769298963
"2175",2466,89.63085208561
"2176",2467,76.881949046308
"2177",2468,84.5676982478162
"2178",2469,86.324372285956
"2179",2470,80.9124562325841
"2180",2471,85.9291154710601
"2181",2472,84.3049095220228
"2182",2473,83.6905621026247
"2183",2474,80.3393432415886
"2184",2475,85.6723899564825
"2185",2476,79.7078752812967
"2186",2478,83.9417098838205
"2187",2479,84.7649613289957
"2188",2481,87.6448152378949
"2189",2482,77.733523711501
"2190",2483,87.4992025035346
"2191",2485,90.414171998342
"2192",2486,86.9484658625116
"2193",2487,82.9427023514158
"2194",2488,86.9758760810793
"2195",2490,82.7788606189658
"2196",2491,88.4073195959793
"2197",2492,87.5782697610201
"2198",2493,89.3004081950617
"2199",2494,90.8448096815147
"2200",2495,82.8873397234524
"2201",2496,83.6740961724461
"2202",2497,86.5438595464645
"2203",2498,86.2288744542417
"2204",2499,85.8809889385715
"2205",2500,89.5465665363005
"2206",2501,82.510329777172
"2207",2502,79.5856667214003
"2208",2503,91.8218508017351
"2209",2504,85.1156198043658
"2210",2505,83.9990877852887
"2211",2506,86.3319275415661
"2212",2507,83.2782045128177
"2213",2509,87.4951067420576
"2214",2510,82.2470947121882
"2215",2511,86.996688087393
"2216",2512,90.2252290458961
"2217",2513,85.6970148382108
"2218",2514,86.711999553707
"2219",2515,87.0542359861543
"2220",2516,84.8834575611374
"2221",2517,84.3540062396049
"2222",2518,83.3650439146441
"2223",2519,88.6874105452454
"2224",2520,86.2337579919414
"2225",2521,90.9368669653742
"2226",2522,87.4942275990647
"2227",2523,83.1492377774755
"2228",2524,76.4768616053443
"2229",2525,85.6001801574662
"2230",2526,78.6277529926727
"2231",2527,59.3609854241494
"2232",2528,60.5661473735844
"2233",2529,66.07893446028
"2234",2530,78.4130888544198
"2235",2531,76.1219384911585
"2236",2532,80.1756538116231
"2237",2533,79.9342683556172
"2238",2534,85.7511496659156
"2239",2535,84.4796576582255
"2240",2536,87.2463427250057
"2241",2537,83.1290055814658
"2242",2539,84.0125195762291
"2243",2540,82.8902540624042
"2244",2541,86.2223134324315
"2245",2542,82.6942182322084
"2246",2543,89.6736616094985
"2247",2544,90.4371211879371
"2248",2545,91.0918778811176
"2249",2546,87.3858555823407
"2250",2548,87.5974466838247
"2251",2549,84.9242119622553
"2252",2550,87.9921818081436
"2253",2551,86.6060014093852
"2254",2552,85.0280285452727
"2255",2553,81.7312290642715
"2256",2554,81.4949837533516
"2257",2555,85.1041194312171
"2258",2557,88.1114517273489
"2259",2558,86.3573575683975
"2260",2559,86.9842721530979
"2261",2560,85.749005065622
"2262",2561,83.6181835477806
"2263",2562,84.9608288379919
"2264",2563,85.4550762648186
"2265",2565,84.291475904359
"2266",2566,86.872922891338
"2267",2567,82.6334262243782
"2268",2568,82.4902901104986
"2269",2569,86.4242201523163
"2270",2570,88.6088532696548
"2271",2571,0
"2272",2572,91.5724662413282
"2273",2574,85.7754142564623
"2274",2575,87.9682088729256
"2275",2577,86.5065919999397
"2276",2578,80.2383900599151
"2277",2579,74.3603143215334
"2278",2580,78.5076874311028
"2279",2581,90.376554623906
"2280",2582,86.0219622319151
"2281",2583,86.0691501893591
"2282",2585,83.9397401724723
"2283",2586,85.7157861986526
"2284",2587,83.5523906314204
"2285",2589,85.5695977937891
"2286",2590,86.1785467746906
"2287",2593,86.3280770618977
"2288",2594,72.331508984358
"2289",2596,82.9018414702702
"2290",2597,85.4857774562568
"2291",2598,83.1316976667637
"2292",2599,89.2309932889241
"2293",2600,72.2963128431336
"2294",2602,84.9306995177121
"2295",2605,79.7085897683453
"2296",2606,88.1065126410774
"2297",2607,87.0038833284215
"2298",2608,81.5693190050335
"2299",2609,88.8387638114484
"2300",2610,81.9271809668128
"2301",2611,87.0076706656118
"2302",2612,87.5597742478602
"2303",2613,85.2564498291925
"2304",2614,82.929156559827
"2305",2615,78.4916819522142
"2306",2616,83.1015718901971
"2307",2617,82.5058093862964
"2308",2618,85.3719987386716
"2309",2620,83.3374412677952
"2310",2621,88.3672547134896
"2311",2622,86.3323615194979
"2312",2624,83.4454645271401
"2313",2625,83.2383168424364
"2314",2626,92.4885533392464
"2315",2627,89.0793991084044
"2316",2628,71.8601214288363
"2317",2629,86.7478899304767
"2318",2630,87.3439601857305
"2319",2632,90.5751214710448
"2320",2633,86.1575273156221
"2321",2634,85.6977076903851
"2322",2635,84.5648365210302
"2323",2636,89.0367808058965
"2324",2637,89.1972432862111
"2325",2638,87.3290201595692
"2326",2639,85.9056997199569
"2327",2640,74.7917134594502
"2328",2641,80.5929532406889
"2329",2642,82.0575103336092
"2330",2643,84.1904802498072
"2331",2644,86.3875360716038
"2332",2646,91.2472411493013
"2333",2647,89.0139356382689
"2334",2648,80.5759912667968
"2335",2649,86.9855578364725
"2336",2650,87.6822960234222
"2337",2651,88.4760515533081
"2338",2652,88.117166261387
"2339",2653,90.5202240849987
"2340",2654,86.2016002246277
"2341",2655,87.1924386542369
"2342",2656,84.8212738475442
"2343",2657,87.255266837981
"2344",2659,83.3438499116596
"2345",2660,77.2698206376711
"2346",2661,79.1491926240601
"2347",2662,70.6135645961035
"2348",2663,84.1415721235375
"2349",2664,78.7182313597353
"2350",2665,84.6152572259407
"2351",2666,84.9810194671924
"2352",2667,81.5962617323327
"2353",2668,85.7291488024543
"2354",2669,89.2106613817988
"2355",2670,80.8301216129385
"2356",2671,87.387088767058
"2357",2672,62.3116967666885
"2358",2673,89.5042873096806
"2359",2674,85.1665266057143
"2360",2675,84.4765086441308
"2361",2676,82.7774748952784
"2362",2677,86.9397770132778
"2363",2678,83.5693724581476
"2364",2679,79.1497921535218
"2365",2681,83.2223297681713
"2366",2682,85.9947779038758
"2367",2683,85.3393028678216
"2368",2685,89.20316572881
"2369",2686,72.2487641630142
"2370",2687,86.6703367564863
"2371",2688,84.4530803881827
"2372",2689,89.5368306160324
"2373",2690,87.2566236402932
"2374",2691,79.3433184123981
"2375",2692,64.0921376051111
"2376",2693,86.5738032073019
"2377",2694,87.018970465498
"2378",2695,86.1846043985838
"2379",2696,82.6425770947801
"2380",2697,87.4317425267887
"2381",2699,82.3496785547824
"2382",2700,86.7491986456135
"2383",2701,82.2984676959541
"2384",2702,86.5224532212325
"2385",2704,87.2054605240485
"2386",2705,90.6723712195433
"2387",2706,90.7077873306647
"2388",2707,77.4298035142063
"2389",2708,89.3887164762705
"2390",2709,86.5960905712554
"2391",2710,86.1313950829169
"2392",2712,87.8462503880584
"2393",2713,85.1768479730249
"2394",2714,83.0899724802095
"2395",2715,83.0257897296099
"2396",2716,70.7835484968749
"2397",2717,82.265179430647
"2398",2718,96.3838609408287
"2399",2719,82.6616847668411
"2400",2720,85.2488583346792
"2401",2721,90.3333601137498
"2402",2722,83.9281505707764
"2403",2723,84.7950296275837
"2404",2724,88.5282938369932
"2405",2725,73.4931741508517
"2406",2726,85.6890808047635
"2407",2727,84.0316024303314
"2408",2728,79.0012279688077
"2409",2729,88.9436268567498
"2410",2730,83.4050202828172
"2411",2731,85.2698996775799
"2412",2732,85.540554980154
"2413",2733,84.1944924437918
"2414",2734,78.537435994226
"2415",2735,77.3022543629563
"2416",2736,84.6980858310924
"2417",2737,86.6336436588608
"2418",2738,85.4432069407382
"2419",2739,83.276383800785
"2420",2740,88.4074828436623
"2421",2741,84.4225880064034
"2422",2743,84.7670055050891
"2423",2744,88.1585113407125
"2424",2745,85.8060215498066
"2425",2746,84.8757743615354
"2426",2747,87.2714706290067
"2427",2748,87.028750533276
"2428",2749,82.1348620793041
"2429",2750,85.3760681384545
"2430",2751,82.8082160121511
"2431",2752,87.8458869863513
"2432",2753,81.4005477227262
"2433",2754,87.0354534760952
"2434",2755,82.9244221565592
"2435",2756,85.1095015343354
"2436",2757,86.8753076492091
"2437",2758,87.94463568381
"2438",2759,89.0564086326644
"2439",2760,87.3969332042089
"2440",2761,79.8364274580247
"2441",2762,68.4772245760331
"2442",2763,82.0586357088455
"2443",2764,85.2365997460478
"2444",2765,77.6626802034596
"2445",2766,83.0411348718521
"2446",2767,84.4641537956924
"2447",2768,84.2825037042026
"2448",2769,84.8490475457045
"2449",2770,86.5703572162153
"2450",2771,87.1667687111061
"2451",2772,88.7827315682975
"2452",2773,88.7240705705599
"2453",2774,90.4524895920228
"2454",2775,91.8364299143712
"2455",2776,90.2040803570563
"2456",2777,82.1997397380706
"2457",2778,87.5095023061525
"2458",2779,83.3939886979021
"2459",2780,85.6133821408272
"2460",2781,86.3314216098397
"2461",2782,85.6370872750416
"2462",2783,84.8289332114833
"2463",2784,83.1462262536973
"2464",2785,86.6768210452012
"2465",2786,87.0461261778817
"2466",2787,81.0595303247831
"2467",2788,87.7642201544382
"2468",2789,85.0881542821227
"2469",2790,84.0078524172068
"2470",2791,85.9014991139671
"2471",2792,88.47583628725
"2472",2793,85.8914427807952
"2473",2794,85.3965056061343
"2474",2795,80.7234803168468
"2475",2796,84.8957252830449
"2476",2797,84.2694311964186
"2477",2798,86.9838198391964
"2478",2799,87.2176591691084
"2479",2800,88.6514769174908
"2480",2801,82.8767405378715
"2481",2802,79.8835427200742
"2482",2803,85.9879416992973
"2483",2804,77.7960317910825
"2484",2805,86.1510184583841
"2485",2806,86.6915040641198
"2486",2807,81.3726618119129
"2487",2808,78.5589611116361
"2488",2809,84.2534505437865
"2489",2810,82.3747904831438
"2490",2812,82.8777390234443
"2491",2813,84.3216033245498
"2492",2814,88.8855120937399
"2493",2815,83.0405255433171
"2494",2816,85.7186486407357
"2495",2817,86.4279499686856
"2496",2818,83.2773315995869
"2497",2819,80.28317286018
"2498",2820,89.8539839841467
"2499",2822,78.6743401402482
"2500",2824,88.5862428210526
"2501",2825,85.1482133872362
"2502",2826,77.3650099225933
"2503",2827,84.4386783427534
"2504",2828,85.8289724488261
"2505",2829,84.0432275067689
"2506",2830,89.7974970455324
"2507",2831,85.6974002289982
"2508",2833,87.9964292732052
"2509",2834,89.0659437533122
"2510",2835,84.5906036116202
"2511",2836,86.0396534650459
"2512",2837,92.8378382823553
"2513",2839,92.8579619975692
"2514",2840,78.1337600030751
"2515",2841,78.1028050697717
"2516",2842,74.2280043912137
"2517",2843,83.4597041090626
"2518",2844,80.1431462084103
"2519",2846,89.7815330167988
"2520",2847,84.5188339837881
"2521",2848,89.1388026685193
"2522",2849,85.6047055688721
"2523",2850,83.9274989559074
"2524",2851,73.488455922251
"2525",2852,81.6876943569976
"2526",2853,88.5115244315741
"2527",2854,86.5761682716445
"2528",2855,84.0007656331804
"2529",2856,86.5091760192265
"2530",2857,88.4796396001281
"2531",2858,78.6697525459989
"2532",2859,82.4444906862666
"2533",2860,85.6321195230567
"2534",2861,84.9961466104989
"2535",2862,88.4757811055053
"2536",2863,89.6352701663935
"2537",2864,80.1153031461872
"2538",2865,84.3731625819473
"2539",2866,82.6939937811165
"2540",2867,82.3879918154089
"2541",2868,88.2417088504574
"2542",2869,91.9500331216895
"2543",2870,85.1976000103847
"2544",2871,82.1518571903089
"2545",2872,76.6934976239642
"2546",2873,79.803188125917
"2547",2874,87.8894111245808
"2548",2875,84.7169334251982
"2549",2876,87.908733930223
"2550",2877,83.6846889494379
"2551",2878,88.7420583487572
"2552",2879,82.6118255009852
"2553",2880,84.2390733562992
"2554",2881,85.1504607770183
"2555",2882,84.9608446828471
"2556",2883,76.0991415428423
"2557",2885,85.6008861771261
"2558",2886,87.6411090540876
"2559",2887,87.2733558428853
"2560",2888,91.2247164099964
"2561",2889,84.3749945960894
"2562",2890,85.4286303512846
"2563",2891,89.2210995697076
"2564",2892,84.4321532355573
"2565",2893,83.0397292179383
"2566",2894,90.6184292295945
"2567",2896,89.2143170497707
"2568",2897,89.3060731503518
"2569",2898,83.0815169532892
"2570",2899,84.2185330146538
"2571",2900,86.6155573391788
"2572",2901,84.465778887519
"2573",2902,85.0420521519598
"2574",2903,84.0512738177386
"2575",2904,89.3986769697847
"2576",2905,83.3008348488032
"2577",2906,85.6334676475616
"2578",2907,88.1992616711202
"2579",2908,90.172191136433
"2580",2910,91.126594306695
"2581",2911,88.2469216705643
"2582",2912,78.227794161664
"2583",2913,77.9308950124007
"2584",2914,82.4495665786248
"2585",2915,84.9583974827573
"2586",2916,54.8659148956086
"2587",2917,84.8889540933156
"2588",2918,79.6583260947588
"2589",2919,85.1254494404001
"2590",2920,87.323204234724
"2591",2921,79.7205842655162
"2592",2922,80.77907327085
"2593",2923,83.748764612057
"2594",2924,78.3076695593522
"2595",2925,86.6342435966452
"2596",2926,89.2991251307888
"2597",2927,87.9570352270866
"2598",2928,82.1200710643799
"2599",2929,88.214296721057
"2600",2930,89.3247839552978
"2601",2931,86.4471094655057
"2602",2932,80.046320627354
"2603",2933,92.2150241040855
"2604",2935,87.7612056922349
"2605",2936,83.5163704619739
"2606",2937,86.0362746975202
"2607",2938,80.9690223661495
"2608",2939,85.1293236607049
"2609",2940,84.5431121134495
"2610",2941,88.3424833073951
"2611",2942,88.4859922701835
"2612",2943,86.5921047744351
"2613",2944,79.1706793690096
"2614",2945,85.932364693699
"2615",2946,88.0885818037686
"2616",2947,83.9329456502063
"2617",2948,85.6975852448575
"2618",2949,84.536278112331
"2619",2950,84.2447019878059
"2620",2951,81.5333576763671
"2621",2952,83.4349425298642
"2622",2953,88.206080088609
"2623",2956,84.1912846441908
"2624",2959,67.6443230657078
"2625",2960,87.2218852756384
"2626",2961,83.986015156572
"2627",2962,88.1759745709219
"2628",2963,87.0387857520951
"2629",2964,89.604325133928
"2630",2965,81.7603724882798
"2631",2966,78.818406934577
"2632",2967,85.7201785691006
"2633",2968,80.346356517926
"2634",2969,85.8817266261593
"2635",2970,83.7009924087366
"2636",2971,85.9293057757065
"2637",2972,86.8438039651278
"2638",2973,82.3241857034373
"2639",2974,83.5948610565004
"2640",2975,85.8652730801062
"2641",2976,83.9827521676899
"2642",2977,85.6409174438047
"2643",2978,86.3315251216729
"2644",2979,82.1941867650833
"2645",2981,89.6358955864663
"2646",2982,86.1029759066326
"2647",2983,86.8465983007801
"2648",2984,86.7283526241714
"2649",2985,70.4090523212544
"2650",2986,80.6490072870715
"2651",2987,78.4874707589536
"2652",2988,83.9473253073479
"2653",2989,93.7292427144891
"2654",2990,90.7299410250354
"2655",2991,90.5706210404419
"2656",2992,81.9888265284751
"2657",2993,88.7913085390997
"2658",2994,88.6057987172522
"2659",2995,84.5634464624187
"2660",2996,88.1768640223365
"2661",2997,80.5217461114848
"2662",2998,85.7769175499643
"2663",2999,84.6868176877504
"2664",3000,85.4875966512785
"2665",3001,87.3070641080522
"2666",3002,86.4692658905667
"2667",3003,87.2942261313654
"2668",3004,87.6306462482015
"2669",3005,83.4961454352914
"2670",3006,76.6063202873855
"2671",3007,84.4250969787001
"2672",3008,78.0356452277424
"2673",3010,88.3706205674119
"2674",3011,84.6665742519166
"2675",3012,90.6246011672768
"2676",3013,85.4950701336512
"2677",3014,85.4899564163469
"2678",3015,78.0956466078809
"2679",3016,82.4166929745626
"2680",3017,84.7933342431485
"2681",3018,86.6501864672203
"2682",3019,84.3467060299755
"2683",3020,81.8375774292159
"2684",3021,88.6120797228381
"2685",3022,87.6807553812678
"2686",3024,86.8945871786557
"2687",3025,89.5847621707043
"2688",3026,88.1491914590031
"2689",3028,86.1086429965087
"2690",3029,83.1684000678579
"2691",3030,81.7476533871549
"2692",3031,85.1990491625515
"2693",3032,71.8382841704565
"2694",3033,80.3473337539752
"2695",3034,88.0225453140029
"2696",3035,81.1898944141803
"2697",3036,78.4543700765412
"2698",3037,78.0796845230446
"2699",3038,85.0312568289068
"2700",3039,79.1207571805982
"2701",3040,82.843960103244
"2702",3041,84.5998098266229
"2703",3042,84.9372489763455
"2704",3043,86.8496942688903
"2705",3044,80.4105802754447
"2706",3045,85.3233663410876
"2707",3046,90.4659849142449
"2708",3047,82.2975635500674
"2709",3048,84.3883689123346
"2710",3049,87.885169951988
"2711",3050,83.2196665478644
"2712",3051,88.5881801915405
"2713",3052,82.9693756909966
"2714",3053,81.1065314231515
"2715",3054,84.7924814790708
"2716",3055,83.7997256113717
"2717",3056,84.426667392634
"2718",3057,84.7959799973072
"2719",3058,87.625202401805
"2720",3060,84.4162880215419
"2721",3061,84.7841217212289
"2722",3062,81.3142987044698
"2723",3063,86.6035988824004
"2724",3064,86.4826946731456
"2725",3066,83.4914213114365
"2726",3067,87.7624076683477
"2727",3068,82.5768029287574
"2728",3069,86.4516567890934
"2729",3070,78.3714113113145
"2730",3071,83.0669143068934
"2731",3072,89.1510070543522
"2732",3073,81.8580347420323
"2733",3074,78.5302604990778
"2734",3075,87.8693850109223
"2735",3076,84.6275034278469
"2736",3077,85.6611440199053
"2737",3078,87.369224211991
"2738",3079,90.1697985028099
"2739",3081,82.4253207994075
"2740",3082,88.6109725939
"2741",3083,90.6651632623046
"2742",3086,84.6271960877371
"2743",3087,80.0152757432176
"2744",3088,83.0634433525693
"2745",3089,86.6091722573819
"2746",3090,87.3807278641488
"2747",3091,85.1882207138195
"2748",3092,87.8699256144961
"2749",3093,86.460843441455
"2750",3094,87.3481015409646
"2751",3095,85.3335812948043
"2752",3096,85.7394994151444
"2753",3097,84.2329577804736
"2754",3098,75.3267703714347
"2755",3099,89.8929944130912
"2756",3100,78.5126296723969
"2757",3101,85.0116962949033
"2758",3102,86.3407512081721
"2759",3103,86.2764976318554
"2760",3104,80.3576021049226
"2761",3105,80.7748795484984
"2762",3106,87.0715538569725
"2763",3107,70.4506423215544
"2764",3108,77.1139980778838
"2765",3109,81.3357360670768
"2766",3110,87.8039669418689
"2767",3111,83.7447908609135
"2768",3112,84.6613649881055
"2769",3113,80.278664792818
"2770",3114,84.0395613481679
"2771",3115,86.4136693193658
"2772",3117,86.1841010174666
"2773",3118,86.1531409233529
"2774",3119,88.3915417446286
"2775",3120,85.9260985827606
"2776",3121,84.532503195158
"2777",3122,91.0076972967184
"2778",3124,87.4355087250947
"2779",3125,84.4431313771622
"2780",3126,86.8536442108285
"2781",3127,87.4818096876169
"2782",3129,85.7272956790163
"2783",3130,84.1591754288594
"2784",3132,81.7915872450789
"2785",3133,89.8622409411145
"2786",3134,90.2055067477601
"2787",3135,82.1877196406255
"2788",3137,83.0694784388113
"2789",3138,86.36023162418
"2790",3139,86.6081998659725
"2791",3140,91.1220552513815
"2792",3141,80.8420281735015
"2793",3142,81.5331870711204
"2794",3143,87.7713120443955
"2795",3144,87.6054988369214
"2796",3145,84.2964807930212
"2797",3146,88.2151347352668
"2798",3147,73.8642779621958
"2799",3148,83.9571000525156
"2800",3149,79.2083763472811
"2801",3150,88.4084740232529
"2802",3152,87.8975451131864
"2803",3153,77.6174202552278
"2804",3155,81.7777413759959
"2805",3156,69.8830908848606
"2806",3157,87.7495394900263
"2807",3158,76.0493742744639
"2808",3159,84.8675602798322
"2809",3160,81.0736318939668
"2810",3161,88.6452940479979
"2811",3162,81.6293469343563
"2812",3163,86.7341043435635
"2813",3165,86.5666339553998
"2814",3166,87.0338430159678
"2815",3167,87.1640191967907
"2816",3168,85.9252838663633
"2817",3169,81.2693224254785
"2818",3171,90.6306811329876
"2819",3172,84.3639595327759
"2820",3173,83.8312356853173
"2821",3174,82.6118173455329
"2822",3175,82.1141521126303
"2823",3176,83.4647936460953
"2824",3177,89.2481648626345
"2825",3178,81.1763624449024
"2826",3179,88.155652336726
"2827",3180,85.994430461248
"2828",3181,81.404448265366
"2829",3182,87.7340994087047
"2830",3183,83.1474034978253
"2831",3185,83.4429579524317
"2832",3186,88.1352122889394
"2833",3189,87.8999877048955
"2834",3190,79.1140503508918
"2835",3192,82.2367819245086
"2836",3194,86.0378714296049
"2837",3196,82.9000650119268
"2838",3197,82.6523490997739
"2839",3198,77.0663222389136
"2840",3199,87.3481156248919
"2841",3200,83.4655254917566
"2842",3201,85.8086090408321
"2843",3202,89.7871679655649
"2844",3203,83.1046713880023
"2845",3204,77.7826620827719
"2846",3205,91.2572009376863
"2847",3206,83.197170643804
"2848",3207,81.1328169920153
"2849",3208,87.4247770395614
"2850",3210,90.2991046652107
"2851",3211,87.226296988851
"2852",3213,84.6823470713471
"2853",3214,84.1527891583852
"2854",3215,88.9677839271679
"2855",3216,93.6313957867435
"2856",3217,89.2184164673848
"2857",3218,87.1098676443464
"2858",3219,81.5610762021576
"2859",3221,84.1647135374686
"2860",3222,89.0002555765345
"2861",3223,84.6337673080577
"2862",3224,84.8060759576284
"2863",3225,87.0770652640855
"2864",3230,85.716081261217
"2865",3232,86.3266908062595
"2866",3235,83.8906830878298
"2867",3238,82.703008104284
"2868",3239,86.047047168609
"2869",3240,91.1368330322735
"2870",3241,84.9523498140083
"2871",3242,93.5825783720824
"2872",3243,84.9762593310681
"2873",3244,85.3096098681034
"2874",3245,88.9715322436652
"2875",3246,80.0543404046885
"2876",3247,87.7811978158502
"2877",3248,89.7136281051285
"2878",3249,84.8594496530264
"2879",3250,77.2895076401393
"2880",3251,86.1179113075996
"2881",3252,80.4153231979622
"2882",3253,83.5825655300022
"2883",3254,84.3044881846906
"2884",3255,88.477465456188
"2885",3256,83.560403960614
"2886",3257,84.6983639531016
"2887",3258,82.4808808255098
"2888",3259,81.496147880213
"2889",3260,85.1667857265541
"2890",3261,83.5163045692915
"2891",3262,87.2477338072407
"2892",3263,86.5574420563207
"2893",3264,86.252846618486
"2894",3265,75.3384893180257
"2895",3266,90.2148005573494
"2896",3267,78.3106562542416
"2897",3268,83.6414935321426
"2898",3269,84.7028683551338
"2899",3270,98.2184212833149
"2900",3271,80.4748678494527
"2901",3272,91.4792058881474
"2902",3273,85.8669006169738
"2903",3274,84.2759574923169
"2904",3275,78.3920623046822
"2905",3276,83.6509881077391
"2906",3281,92.0249189679723
"2907",3282,88.8355223890249
"2908",3283,89.6938155816544
"2909",3284,82.4842656793252
"2910",3285,81.3026194643335
"2911",3286,84.8861349764446
"2912",3287,88.6000102495104
"2913",3289,89.326292300197
"2914",3292,86.2923309980448
"2915",3295,87.4444209787472
"2916",3296,83.7427440288186
"2917",3298,80.1748510926942
"2918",3299,86.9135544140979
"2919",3300,70.3629636329689
"2920",3301,81.6358619490519
"2921",3302,87.2921115462861
"2922",3303,90.3587368933693
"2923",3304,84.398701642607
"2924",3306,91.7874577318984
"2925",3307,85.8976039200535
"2926",3308,83.4514186965299
"2927",3309,89.8919165594371
"2928",3310,83.0668579352794
"2929",3311,87.9422080378577
"2930",3313,86.0232919202533
"2931",3316,83.7610699531567
"2932",3317,83.2587734548631
"2933",3318,81.9747815370354
"2934",3319,87.1941661706723
"2935",3320,84.1879586682597
"2936",3322,86.6751749236537
"2937",3323,84.9421680248487
"2938",3324,86.1693333537644
"2939",3325,87.0678259807254
"2940",3326,83.1601073714505
"2941",3327,83.7650072257537
"2942",3328,83.6425972970754
"2943",3329,86.9315010284652
"2944",3330,86.9409333769244
"2945",3331,88.8659377295389
"2946",3333,91.6563042911366
"2947",3334,85.3550828846025
"2948",3335,84.87381004405
"2949",3338,87.7735148680063
"2950",3339,82.8247985143923
"2951",3340,87.3315066112978
"2952",3341,87.7829388839261
"2953",3342,80.432682896945
"2954",3343,84.315543408574
"2955",3344,90.8139339961594
"2956",3345,86.3889699545699
"2957",3347,81.7506303136973
"2958",3349,84.6098627962157
"2959",3350,85.5672423145881
"2960",3351,89.0111044934102
"2961",3354,72.0341513059159
"2962",3355,83.6861004721484
"2963",3357,87.5911910832493
"2964",3358,76.2943053541367
"2965",3359,84.189644294489
"2966",3360,83.0375521060955
"2967",3361,84.5571470743648
"2968",3362,83.5974142664881
"2969",3363,84.0836670453378
"2970",3364,86.7086946912642
"2971",3365,82.3010230100122
"2972",3367,84.0525282331917
"2973",3368,85.3790916154611
"2974",3370,84.0210977971505
"2975",3371,79.1776365529688
"2976",3372,85.6688950332384
"2977",3374,88.4761903728385
"2978",3375,84.3015818019737
"2979",3378,85.6275319888297
"2980",3379,87.1209917567396
"2981",3384,81.4045630106011
"2982",3385,82.202602891005
"2983",3386,81.3021100996339
"2984",3387,86.379277937432
"2985",3388,85.0327698077205
"2986",3389,83.6110325464135
"2987",3390,84.8129545414657
"2988",3391,85.8280131289342
"2989",3392,86.815241583671
"2990",3393,86.020202659399
"2991",3394,82.7463507419487
"2992",3395,86.1472333765186
"2993",3396,82.884401577184
"2994",3397,86.0994393130618
"2995",3398,90.2430879039419
"2996",3399,91.6778153673229
"2997",3400,88.0692886804552
"2998",3401,83.5790425812675
"2999",3402,84.5744864457107
"3000",3403,82.0370507607574
"3001",3404,84.0685348448813
"3002",3405,79.128789579736
"3003",3406,84.1967559708824
"3004",3408,84.8747136220048
"3005",3409,84.0632623832219
"3006",3410,88.869315194242
"3007",3412,87.2120131401914
"3008",3414,86.4407371221445
"3009",3415,88.3468765591238
"3010",3417,87.9288590569286
"3011",3418,85.7617859940878
"3012",3419,89.9046001500265
"3013",3420,83.7944998121626
"3014",3421,81.9542091306399
"3015",3422,88.1130610874891
"3016",3423,86.7546819445828
"3017",3424,84.7137038386713
"3018",3425,86.1132143198413
"3019",3426,87.5959588896713
"3020",3427,85.3123983606042
"3021",3428,81.1183888822948
"3022",3429,93.9609564354585
"3023",3430,85.8920187045937
"3024",3431,87.2287808220438
"3025",3432,86.7565799060797
"3026",3433,84.3204644863993
"3027",3434,87.4182558207054
"3028",3435,83.5154165337833
"3029",3436,87.2546333429831
"3030",3437,84.5681079789306
"3031",3438,84.7736835903294
"3032",3439,86.8763776329818
"3033",3440,85.4256790448663
"3034",3441,82.1200179196994
"3035",3442,84.1320941835542
"3036",3443,84.1709695694597
"3037",3444,78.4433064600744
"3038",3445,85.6981429294024
"3039",3446,87.0981691868407
"3040",3447,84.5792567339561
"3041",3448,85.9463786677946
"3042",3449,85.2343136992296
"3043",3450,85.2404576265884
"3044",3451,85.3932560923104
"3045",3452,81.229930621719
"3046",3453,88.1075871727368
"3047",3454,89.7111681745969
"3048",3456,89.3750252745862
"3049",3457,83.2579141241006
"3050",3459,86.3846746908265
"3051",3461,82.6406180852816
"3052",3462,82.5123136283526
"3053",3463,82.298956036106
"3054",3464,76.3943480420435
"3055",3465,89.2152995580889
"3056",3466,86.3837359622331
"3057",3467,84.8504965087816
"3058",3468,83.0575262312659
"3059",3469,87.1095826934434
"3060",3470,88.0905620181261
"3061",3471,68.5434365136448
"3062",3472,91.1349959306648
"3063",3473,85.4085183533926
"3064",3474,70.7042013577825
"3065",3475,86.3672061451577
"3066",3476,78.3390624752382
"3067",3477,87.1725964746113
"3068",3478,84.3145620686564
"3069",3479,77.967436859945
"3070",3480,89.3841746521675
"3071",3481,82.0259827420551
"3072",3483,89.5499005068676
"3073",3484,81.7488226118633
"3074",3486,87.3460052688303
"3075",3487,83.0082663386423
"3076",3488,88.5642369977831
"3077",3489,91.6598703771624
"3078",3490,89.4366686407676
"3079",3491,82.6884661649863
"3080",3492,85.8623885152952
"3081",3494,81.4414655475166
"3082",3495,85.6525328686081
"3083",3496,83.729274579892
"3084",3497,86.2666473713726
"3085",3498,79.7594987470287
"3086",3499,81.9200866378311
"3087",3500,85.1579320673928
"3088",3501,86.7966788988662
"3089",3502,86.0522650663273
"3090",3503,83.6883381046961
"3091",3504,82.4148367398671
"3092",3505,79.6557618666718
"3093",3506,86.3928107111635
"3094",3507,82.9907913331465
"3095",3508,80.7671997880357
"3096",3509,85.4711776903291
"3097",3510,72.5256502109431
"3098",3511,86.1279826312142
"3099",3512,87.3768402729938
"3100",3513,88.9735541314819
"3101",3514,80.0733926916264
"3102",3515,80.1965996455323
"3103",3516,86.9554342753658
"3104",3518,81.9953015769341
"3105",3519,81.1558854620901
"3106",3520,85.4764205470111
"3107",3521,82.1401938532849
"3108",3523,82.3571126830271
"3109",3524,85.7631100831885
"3110",3525,85.610357761747
"3111",3526,83.6231282204173
"3112",3527,70.0787544054136
"3113",3528,87.2497118776927
"3114",3529,86.3434776623882
"3115",3531,82.3151860230943
"3116",3533,89.0165988231915
"3117",3534,89.0940707736156
"3118",3535,85.2681827865539
"3119",3536,85.4976185122261
"3120",3537,84.129606268755
"3121",3538,87.6987774187996
"3122",3539,88.3840007874045
"3123",3540,74.1138539318366
"3124",3543,84.1813180711602
"3125",3544,86.4473093083824
"3126",3545,89.881899994524
"3127",3546,86.2781434314158
"3128",3547,85.0054718953562
"3129",3548,84.1610263177283
"3130",3549,86.8816305633976
"3131",3550,86.2815444907678
"3132",3551,81.2720806111406
"3133",3552,82.2441634829203
"3134",3553,84.8877427494071
"3135",3554,90.5372994584973
"3136",3555,85.2796157677451
"3137",3556,91.7507372687049
"3138",3557,84.2454647259791
"3139",3559,85.3465015512955
"3140",3562,88.6571296644634
"3141",3563,84.6304403942489
"3142",3564,86.3976712405069
"3143",3565,88.6666153054856
"3144",3566,83.6039309521666
"3145",3567,90.369521467088
"3146",3568,83.1881710740909
"3147",3569,89.8051750686792
"3148",3571,79.6076439731261
"3149",3572,82.9886310571628
"3150",3573,82.655393485712
"3151",3574,84.240319426862
"3152",3576,75.0166642265454
"3153",3577,86.4159927171734
"3154",3578,62.9501151025655
"3155",3580,84.0802431111066
"3156",3581,83.1007081314392
"3157",3584,86.7295072564234
"3158",3585,89.9315435165078
"3159",3586,76.1698310757948
"3160",3587,88.1132472711424
"3161",3588,86.517160894395
"3162",3590,84.235605859295
"3163",3591,81.0439403365926
"3164",3592,89.7186627688291
"3165",3593,78.1693010830646
"3166",3594,94.9323545973449
"3167",3595,86.3498572266112
"3168",3596,84.2014495592094
"3169",3597,84.8194943007716
"3170",3598,86.6939322089926
"3171",3599,84.7282158540486
"3172",3600,84.3159182058114
"3173",3602,83.7561214452647
"3174",3604,86.1201966858979
"3175",3605,82.7009303090125
"3176",3606,84.9047041498544
"3177",3608,85.8627763438776
"3178",3609,91.1461914652435
"3179",3610,81.6804822913737
"3180",3611,91.180064883656
"3181",3612,84.6036722395456
"3182",3613,77.0814137282959
"3183",3614,84.9390675532039
"3184",3615,84.139593085637
"3185",3616,87.5605350459169
"3186",3617,92.5780496143823
"3187",3618,84.8511041969085
"3188",3619,86.1763527536709
"3189",3620,81.3117398037976
"3190",3621,90.9071054134824
"3191",3622,85.513863542814
"3192",3623,80.2110486638156
"3193",3624,82.0106181237895
"3194",3625,87.2592428827356
"3195",3626,89.3891751354846
"3196",3627,88.1332021266184
"3197",3628,84.2128641739997
"3198",3629,85.4105060983847
"3199",3632,86.8762645477486
"3200",3633,91.3528031346137
"3201",3634,82.2658099485177
"3202",3635,89.3238099557768
"3203",3636,87.5576653673122
"3204",3637,89.9618004129293
"3205",3638,87.4976515620784
"3206",3639,87.652116426924
"3207",3640,86.7036105571573
"3208",3641,89.9831457071898
"3209",3643,81.8726881228148
"3210",3644,91.6878626756923
"3211",3645,88.7518543516516
"3212",3646,86.6208768267105
"3213",3648,87.2408525976227
"3214",3649,87.6142507739207
"3215",3652,90.3094587203195
"3216",3653,88.9691188879706
"3217",3654,77.8697283026096
"3218",3655,86.4582940059141
"3219",3658,83.3324875881829
"3220",3659,80.889773864614
"3221",3660,87.5096479307677
"3222",3661,87.2895779809714
"3223",3662,86.0808943448411
"3224",3663,87.8092818724921
"3225",3664,87.5491468155213
"3226",3665,84.9829910184953
"3227",3666,88.1869872344203
"3228",3667,82.7075252496356
"3229",3668,87.4160851044361
"3230",3669,86.3028152795844
"3231",3670,90.1002961512334
"3232",3671,82.0513801331938
"3233",3672,87.9872699506361
"3234",3673,88.6551087918516
"3235",3674,88.5465270676667
"3236",3675,85.7429844730944
"3237",3676,85.3999894712766
"3238",3677,81.3840848400464
"3239",3678,85.3605412804882
"3240",3679,88.0794666452661
"3241",3680,84.4154190027837
"3242",3681,79.8943459653051
"3243",3682,79.9286414409019
"3244",3683,87.4079177064105
"3245",3684,87.4287656271763
"3246",3685,84.8441814891399
"3247",3686,72.1325926562041
"3248",3687,87.303959988204
"3249",3688,90.8028767165629
"3250",3689,86.8950086325318
"3251",3690,85.1326634484531
"3252",3691,91.5783895434173
"3253",3692,85.6814906120664
"3254",3693,88.7087144020931
"3255",3694,85.0714849207497
"3256",3695,83.0820846699879
"3257",3696,87.6956433651879
"3258",3697,82.7960369881409
"3259",3698,79.021317095307
"3260",3699,77.4797847869485
"3261",3700,86.6694604035864
"3262",3701,73.2448789078443
"3263",3702,76.4858291615643
"3264",3703,72.6801892775334
"3265",3704,75.3508234309314
"3266",3705,85.644784856867
"3267",3706,86.436632079398
"3268",3707,89.3020045187994
"3269",3708,81.4295089332821
"3270",3709,87.6993310883704
"3271",3710,85.1517710160656
"3272",3711,88.605981432566
"3273",3712,86.5150852641877
"3274",3713,87.141618853896
"3275",3714,85.8536637531526
"3276",3715,85.0489262172755
"3277",3716,85.576972198733
"3278",3717,80.8045978110175
"3279",3718,86.9978809821341
"3280",3720,85.718028321496
"3281",3721,86.1150075430372
"3282",3722,88.3528509238169
"3283",3723,83.7471117740039
"3284",3724,88.6424220550018
"3285",3725,85.4913554496574
"3286",3726,83.2311842753077
"3287",3727,83.4506007982071
"3288",3728,83.6026254144458
"3289",3729,85.4147488346857
"3290",3730,82.2812497807443
"3291",3731,86.1807774570611
"3292",3732,83.1904980923901
"3293",3733,82.0763759900347
"3294",3734,82.9978515767513
"3295",3735,81.5634134591077
"3296",3736,81.7049976456931
"3297",3737,89.4039215515816
"3298",3738,84.0175012626318
"3299",3739,89.194820939083
"3300",3740,75.3196563764804
"3301",3741,83.9743154511022
"3302",3742,85.6534007190745
"3303",3743,87.4241654524617
"3304",3744,84.9452894104591
"3305",3745,74.9701271137758
"3306",3746,93.0579202469843
"3307",3747,84.6878921192675
"3308",3749,90.5335231348167
"3309",3751,96.68650351624
"3310",3752,86.3535936295768
"3311",3753,81.9792112592036
"3312",3754,86.0116466368088
"3313",3755,81.4559206171286
"3314",3756,87.9010134717628
"3315",3757,90.4314423334975
"3316",3758,81.7111343584195
"3317",3759,90.5990439264357
"3318",3760,85.3471991806886
"3319",3761,82.0394574892474
"3320",3763,77.4351678913492
"3321",3764,81.1425112588891
"3322",3765,84.991226126745
"3323",3766,84.3581652258591
"3324",3767,85.8344052198029
"3325",3768,84.4632491979128
"3326",3769,84.0456295814974
"3327",3770,71.0037692635762
"3328",3771,76.8499546768977
"3329",3773,87.0292277997305
"3330",3774,86.5256446701353
"3331",3775,90.7926631331714
"3332",3776,89.7765940069023
"3333",3777,88.7497738625136
"3334",3780,84.0364050979336
"3335",3781,87.2957314238666
"3336",3782,87.5652121846544
"3337",3783,82.4234201754339
"3338",3784,84.8816165764748
"3339",3785,90.0993777051593
"3340",3786,91.7547378104503
"3341",3787,84.3726342314754
"3342",3788,85.4848928284847
"3343",3789,87.6400000974645
"3344",3790,83.869469618784
"3345",3791,88.0442109054333
"3346",3792,88.9386893282811
"3347",3793,73.0360860293586
"3348",3794,86.5000243721003
"3349",3795,87.719533148484
"3350",3796,84.5312018860035
"3351",3797,87.0896897677182
"3352",3798,82.1252794983404
"3353",3799,85.1264201160418
"3354",3801,86.1961040023392
"3355",3802,70.7913884291268
"3356",3804,91.0887970017774
"3357",3805,83.6006985094957
"3358",3806,89.0645603191806
"3359",3807,82.970874423286
"3360",3808,92.3928113997157
"3361",3809,85.4064890215571
"3362",3810,83.0558455236266
"3363",3811,90.6689978796876
"3364",3812,86.7498439678726
"3365",3813,86.3378628283398
"3366",3814,82.7867868096682
"3367",3816,91.7546915656242
"3368",3817,90.1367300918797
"3369",3819,85.8506505430145
"3370",3820,85.8939470678445
"3371",3821,85.9301345212863
"3372",3822,81.148704853837
"3373",3823,88.8583286279779
"3374",3824,87.7042896979687
"3375",3825,87.9598824100422
"3376",3826,75.0614452599152
"3377",3827,80.0049838422739
"3378",3830,84.3248237629624
"3379",3831,83.4873231420106
"3380",3832,91.1867986469503
"3381",3833,85.3815163450139
"3382",3834,85.6831178889409
"3383",3835,87.5482525630603
"3384",3836,80.9623089179486
"3385",3837,84.9493460978481
"3386",3838,85.0863758749596
"3387",3839,83.403354297182
"3388",3840,86.9934405138811
"3389",3841,84.7875530688967
"3390",3843,90.0806905004125
"3391",3844,89.4306270103698
"3392",3845,83.6073576136888
"3393",3846,86.1514424944449
"3394",3847,90.1854007849234
"3395",3848,88.6424579737053
"3396",3849,86.4425066274325
"3397",3851,86.8800786370257
"3398",3852,77.8642209084619
"3399",3853,87.4656833966945
"3400",3854,92.8594295480131
"3401",3855,89.9875832516605
"3402",3857,86.0103224022343
"3403",3858,85.4969482291758
"3404",3859,88.5054125267147
"3405",3860,87.1077166710655
"3406",3861,87.0873453020341
"3407",3862,85.7552392615415
"3408",3863,70.60261444566
"3409",3864,80.3844859470664
"3410",3865,85.924168165139
"3411",3867,80.5303393182941
"3412",3868,86.9484493535251
"3413",3869,87.4911987337762
"3414",3870,84.3630229424168
"3415",3871,82.2046091609892
"3416",3872,87.5217913951499
"3417",3873,84.0230582421714
"3418",3874,87.3518020337888
"3419",3875,87.6710899261225
"3420",3876,87.835086002302
"3421",3877,83.7472643643255
"3422",3878,85.8102745477255
"3423",3879,83.9684264558153
"3424",3880,81.4186583245533
"3425",3881,87.4913402173682
"3426",3882,90.991837164566
"3427",3883,86.2735148638964
"3428",3884,83.0655066027475
"3429",3885,86.5503238688917
"3430",3886,85.1018241755467
"3431",3888,89.7491129444722
"3432",3889,81.4661478856196
"3433",3892,86.1271852041619
"3434",3893,85.1851250855615
"3435",3894,90.6475853922702
"3436",3895,79.1178372678772
"3437",3896,80.0777802205862
"3438",3897,80.7833366418928
"3439",3898,84.875926046271
"3440",3899,81.9474731684508
"3441",3900,87.4551736218062
"3442",3901,85.0641536582591
"3443",3902,84.1923571558305
"3444",3903,86.30506109513
"3445",3905,87.0351671021451
"3446",3906,82.39891670901
"3447",3908,87.4769365114548
"3448",3909,87.4670387735034
"3449",3910,83.7195665821073
"3450",3911,90.2105097365338
"3451",3912,89.0875907652062
"3452",3913,86.0318344122537
"3453",3914,90.9763547890981
"3454",3915,85.5685261063986
"3455",3916,85.5767035344341
"3456",3917,85.0222234518839
"3457",3918,85.5839817086751
"3458",3919,86.0716612622667
"3459",3920,79.9659106785415
"3460",3921,90.1493989018329
"3461",3922,89.7650412530272
"3462",3923,84.8390355904106
"3463",3924,89.2735622790537
"3464",3925,87.0012321919919
"3465",3926,76.1316405622283
"3466",3927,56.1813289086326
"3467",3928,86.3701179665679
"3468",3929,82.8998089655662
"3469",3930,82.5774040850707
"3470",3931,86.5282852428637
"3471",3932,80.5732732116773
"3472",3933,86.6187057392409
"3473",3934,79.7493362168545
"3474",3936,87.7932633071935
"3475",3937,77.2688368425993
"3476",3938,90.7921248537314
"3477",3939,87.2626307275491
"3478",3940,87.8949980178294
"3479",3941,88.8441576095727
"3480",3942,89.6389242372169
"3481",3943,84.2980470701375
"3482",3944,85.291505870451
"3483",3945,84.7925315831155
"3484",3946,84.0136683929229
"3485",3947,86.7106682429527
"3486",3948,84.6271332853854
"3487",3949,82.2964461129437
"3488",3950,83.1050698251428
"3489",3951,81.9313180946808
"3490",3952,82.5500345218752
"3491",3953,86.3659835541509
"3492",3954,84.3844651185752
"3493",3955,85.801322289786
"3494",3956,78.844820038668
"3495",3957,81.8110384013789
"3496",3958,83.5380480484889
"3497",3959,71.0748915716097
"3498",3960,81.5553217461718
"3499",3961,86.7988120245846
"3500",3962,86.2922962634596
"3501",3963,84.3855206663929
"3502",3964,84.8587885307446
"3503",3965,87.1370526716579
"3504",3966,84.7905244358601
"3505",3967,92.2779784732235
"3506",3968,83.9148135393751
"3507",3969,80.2858830065609
"3508",3970,90.4111949304039
"3509",3971,83.1972526931706
"3510",3972,77.6656939842457
"3511",3973,85.7416345184802
"3512",3974,89.4720565000795
"3513",3975,84.5926122082663
"3514",3976,87.6008292259643
"3515",3977,84.0487044111131
"3516",3978,82.4793663878581
"3517",3979,85.879790894066
"3518",3980,83.5639951435925
"3519",3981,71.214789022522
"3520",3982,90.3766647640993
"3521",3983,83.6816109682487
"3522",3984,88.9840405070087
"3523",3985,83.8492178688086
"3524",3986,76.4508600454459
"3525",3987,86.1799498815557
"3526",3988,88.0602381273835
"3527",3989,92.7778456325509
"3528",3990,88.4036370082946
"3529",3991,90.2515145473673
"3530",3992,86.9444874706064
"3531",3993,80.9209055830889
"3532",3994,67.3873057070226
"3533",3996,69.2334641743041
"3534",3997,84.0333530915699
"3535",3998,84.2271526384231
"3536",3999,87.921552004341
"3537",4000,82.7691879174299
"3538",4001,85.5336853130941
"3539",4002,83.1109323466328
"3540",4003,85.3707452129429
"3541",4005,91.6982875049974
"3542",4006,79.9576576080069
"3543",4007,80.1438187969576
"3544",4008,89.2902676831284
"3545",4009,82.65494303309
"3546",4010,82.5392494809881
"3547",4011,80.3976913520987
"3548",4012,86.3621148001655
"3549",4014,86.6765655289456
"3550",4015,88.8521220712478
"3551",4016,88.2106047783167
"3552",4017,81.3102288848309
"3553",4018,85.4591706418231
"3554",4019,81.3249179291379
"3555",4020,81.2876357893213
"3556",4021,88.4844502813504
"3557",4022,71.8128158938901
"3558",4023,83.0978055339399
"3559",4024,85.6578051531739
"3560",4025,90.1647639718986
"3561",4026,84.275082294375
"3562",4027,83.4216787203577
"3563",4028,85.0622370251232
"3564",4029,83.2641560799504
"3565",4030,87.9246000982193
"3566",4031,84.967497268727
"3567",4032,84.7408951925873
"3568",4033,85.9700887026332
"3569",4034,84.2275357211297
"3570",4035,82.1627356910426
"3571",4036,84.128220395785
"3572",4037,80.9196879382616
"3573",4038,85.7902822120138
"3574",4039,89.631014391854
"3575",4040,87.4489728970873
"3576",4041,85.5522486640163
"3577",4042,82.3868378988693
"3578",4043,81.8817845064389
"3579",4044,82.5494407410854
"3580",4045,86.9245544735281
"3581",4046,84.8826677309115
"3582",4047,82.0816055978744
"3583",4048,87.5026767973192
"3584",4049,90.4850855296867
"3585",4051,88.5502100076218
"3586",4052,76.5216366045778
"3587",4053,85.0952940876418
"3588",4054,92.454779610116
"3589",4055,82.2603941861988
"3590",4056,83.3375539523003
"3591",4060,85.776315234402
"3592",4061,85.2691004842148
"3593",4062,89.8628381664218
"3594",4063,84.9744320876095
"3595",4064,88.538668488262
"3596",4065,89.6999212437815
"3597",4066,87.3795738522656
"3598",4067,84.8011415868087
"3599",4068,88.9771899984798
"3600",4069,90.6085412605576
"3601",4072,90.1817708498903
"3602",4073,83.8629546798007
"3603",4074,94.1063177420548
"3604",4077,83.8595063451679
"3605",4078,83.8441316508329
"3606",4079,81.3963160859157
"3607",4080,88.1966055318054
"3608",4081,88.3383669916237
"3609",4082,84.2896574640106
"3610",4083,77.1213166241783
"3611",4084,82.8642677599015
"3612",4085,80.8231140478431
"3613",4086,85.8825686854114
"3614",4087,86.0004599148005
"3615",4089,87.8899706774443
"3616",4090,84.6209061606993
"3617",4091,89.5134601526347
"3618",4092,76.5563380985628
"3619",4093,78.5727612783773
"3620",4094,83.5602283718788
"3621",4095,87.7903820983264
"3622",4097,81.8965983118533
"3623",4098,83.1766012952871
"3624",4099,87.4765368260347
"3625",4100,85.7957877708389
"3626",4102,83.410751843039
"3627",4103,81.8831327567116
"3628",4104,84.8248204472808
"3629",4105,83.2303832157761
"3630",4106,83.7765071944415
"3631",4108,86.1018794057886
"3632",4109,86.8975218616114
"3633",4110,83.7962203562961
"3634",4111,88.7599052176847
"3635",4113,88.3638697848313
"3636",4115,88.2023617292616
"3637",4116,85.8702481572695
"3638",4117,84.7126753968613
"3639",4118,87.9418179811955
"3640",4119,88.3145666005175
"3641",4121,76.171808344431
"3642",4122,86.0861293917964
"3643",4123,85.2418620080004
"3644",4124,88.9213474614785
"3645",4125,81.9621987034876
"3646",4126,86.8247977770054
"3647",4127,85.2260801493666
"3648",4128,82.621826654178
"3649",4129,86.3749284277384
"3650",4130,87.4808389548408
"3651",4131,84.9425245190311
"3652",4132,86.0584299000235
"3653",4133,81.5360079072341
"3654",4135,86.4326438518964
"3655",4136,86.9771346761899
"3656",4137,85.867988169179
"3657",4138,84.0185739564576
"3658",4139,84.1209945524299
"3659",4140,92.6884054875511
"3660",4141,89.7874783851641
"3661",4142,86.0221094211383
"3662",4143,87.0532056589166
"3663",4144,85.8256270125665
"3664",4146,84.4405553372349
"3665",4147,90.7111204191516
"3666",4148,92.0204894035226
"3667",4149,87.9021175557434
"3668",4151,88.3877743173789
"3669",4152,82.4294872394516
"3670",4153,87.5291626324462
"3671",4154,87.1711743948545
"3672",4155,88.5651490467431
"3673",4156,89.7730019907469
"3674",4157,82.3139079912003
"3675",4158,84.6881036060736
"3676",4159,84.7577053803969
"3677",4160,85.1381041562823
"3678",4161,81.8467220293267
"3679",4162,87.7792049478374
"3680",4164,74.1235441497244
"3681",4165,89.5136427378646
"3682",4166,85.8385670235173
"3683",4167,83.6289435674448
"3684",4168,88.2962909546927
"3685",4169,89.0279187460547
"3686",4173,84.7635934915602
"3687",4174,84.6666989401998
"3688",4175,83.0645034308123
"3689",4176,89.6792773994139
"3690",4177,87.1677423444538
"3691",4178,83.9410024116711
"3692",4179,89.3673900946087
"3693",4180,89.1411504300222
"3694",4181,84.1637725054802
"3695",4182,88.7524763621307
"3696",4183,87.5664793596517
"3697",4184,83.7282182086134
"3698",4185,90.0304910442313
"3699",4186,83.722015850019
"3700",4187,77.2357149636114
"3701",4188,84.2864575336917
"3702",4189,79.5970905442163
"3703",4190,86.5548835167169
"3704",4191,87.7306876159676
"3705",4192,78.9982054248563
"3706",4193,87.4904176386835
"3707",4194,90.7080488205683
"3708",4195,86.5883474126175
"3709",4196,89.2308051921639
"3710",4197,87.8355573819269
"3711",4198,79.8312463251987
"3712",4199,85.362190983674
"3713",4200,82.3888408033667
"3714",4201,87.3225794738419
"3715",4203,82.1592735112177
"3716",4204,87.8934921592229
"3717",4205,88.4585041646082
"3718",4206,85.3977516429075
"3719",4207,83.1845925609337
"3720",4208,87.689430423173
"3721",4209,82.6713232972417
"3722",4210,88.1875679474832
"3723",4211,83.0354718629549
"3724",4212,84.2383073405795
"3725",4213,81.4254356614031
"3726",4214,88.844318526015
"3727",4215,85.6359395858812
"3728",4216,86.5663247781635
"3729",4217,88.1321003888201
"3730",4218,87.9556098126752
"3731",4219,91.6789101804613
"3732",4220,83.3419521520427
"3733",4221,87.3761939418481
"3734",4222,89.5087732746567
"3735",4223,81.9205186313325
"3736",4224,86.2653486030477
"3737",4225,80.6262557608644
"3738",4226,71.0703078153614
"3739",4227,87.1570208064095
"3740",4228,89.5366849248965
"3741",4229,87.7502153934585
"3742",4231,90.1810197805661
"3743",4232,84.7163314530746
"3744",4233,88.3965412075802
"3745",4234,86.5592668924347
"3746",4235,82.5825211583953
"3747",4236,89.2425897282865
"3748",4237,92.1600494810716
"3749",4238,83.0376149300482
"3750",4239,84.5049905806349
"3751",4240,82.9977335788324
"3752",4241,83.7873161776985
"3753",4242,86.2752462638472
"3754",4243,75.0316605403734
"3755",4244,94.6232050545498
"3756",4245,85.6792135890714
"3757",4246,90.0050990352616
"3758",4247,86.913407102482
"3759",4248,88.5925959617338
"3760",4249,85.7453519811317
"3761",4250,82.0785582181175
"3762",4251,84.483017960503
"3763",4252,90.2778487225856
"3764",4253,89.0003765802368
"3765",4254,87.1715547141126
"3766",4255,88.8092830655842
"3767",4256,87.067576833158
"3768",4259,88.109155617124
"3769",4262,83.0775831380053
"3770",4263,86.2232607821606
"3771",4265,82.7848800783082
"3772",4266,86.4924102119595
"3773",4267,87.0744816858002
"3774",4268,86.2978594387088
"3775",4270,85.108665896834
"3776",4271,90.9090019359431
"3777",4272,83.1750181003084
"3778",4273,87.4445801430174
"3779",4274,80.7293064612046
"3780",4275,77.8105371833091
"3781",4276,85.7949773710694
"3782",4277,85.8935592200124
"3783",4278,89.9233541241704
"3784",4279,85.143633806391
"3785",4280,82.5557263999473
"3786",4281,86.7874387110857
"3787",4282,84.9681655158139
"3788",4283,86.7199395019884
"3789",4284,87.0579235805053
"3790",4285,87.6466988586351
"3791",4286,82.6731674486156
"3792",4287,84.2308372783662
"3793",4288,87.488049462322
"3794",4289,87.2813539657709
"3795",4290,88.215841244758
"3796",4291,88.5835440660671
"3797",4292,81.932760628936
"3798",4293,84.6606140227233
"3799",4294,86.5601477295285
"3800",4296,87.0687228713839
"3801",4297,84.4890636133778
"3802",4298,86.510399677616
"3803",4299,83.3430905085687
"3804",4300,90.7167617841971
"3805",4301,90.4728066956374
"3806",4302,89.6651834632239
"3807",4303,89.8852671982207
"3808",4304,83.7550035629548
"3809",4305,84.8815150584779
"3810",4306,81.2014627120937
"3811",4307,86.6006437839697
"3812",4308,80.096908481263
"3813",4310,87.8478740627672
"3814",4312,82.5373303858997
"3815",4313,86.7159470337861
"3816",4314,91.2126867683579
"3817",4316,95.9360309347818
"3818",4317,87.0356504401743
"3819",4318,88.1631453272581
"3820",4319,92.7015582656493
"3821",4320,88.7948209261027
"3822",4321,81.5863115820531
"3823",4322,82.7364255258153
"3824",4323,88.4706642894481
"3825",4324,84.2230052196532
"3826",4325,89.8042241989344
"3827",4326,85.1749753052992
"3828",4327,76.1654948906848
"3829",4328,86.4712397643516
"3830",4329,80.7599247294521
"3831",4330,86.3675629792699
"3832",4331,87.6211407420268
"3833",4332,84.888279067047
"3834",4333,86.5586671445744
"3835",4334,85.3194263500646
"3836",4335,88.1565775048806
"3837",4336,81.6519166711346
"3838",4337,81.4547766406795
"3839",4338,86.096136862225
"3840",4339,84.1088283766895
"3841",4340,88.4135738081768
"3842",4341,87.8222285208885
"3843",4342,91.0670280235091
"3844",4343,80.6759853542658
"3845",4344,76.0339167279727
"3846",4345,84.697073847846
"3847",4347,92.94918749872
"3848",4349,83.7803615762997
"3849",4350,85.9303088820279
"3850",4351,82.4543688767922
"3851",4352,89.9162559669182
"3852",4353,84.8159979003801
"3853",4354,85.1783853219302
"3854",4355,86.1864361136949
"3855",4356,87.4990413847846
"3856",4357,87.3006941887507
"3857",4359,84.4666579088011
"3858",4360,82.7873965519886
"3859",4361,87.357374206557
"3860",4363,84.0349474865109
"3861",4366,85.7160735069028
"3862",4367,86.3524299749845
"3863",4368,87.0623557750205
"3864",4369,83.0834416285686
"3865",4370,64.9922416819202
"3866",4371,82.5443558016482
"3867",4372,88.517637809023
"3868",4373,88.4594404627313
"3869",4375,92.2032708778486
"3870",4376,92.1409347554605
"3871",4378,84.6740703936719
"3872",4380,79.4631857210041
"3873",4381,86.9867678736861
"3874",4383,76.7096056640587
"3875",4384,92.8416982259972
"3876",4386,86.474282336883
"3877",4387,83.6718002477899
"3878",4388,90.3660543814215
"3879",4389,88.7752825503269
"3880",4390,87.5223228019743
"3881",4391,89.038189585929
"3882",4392,88.1806524729265
"3883",4393,82.1111776028511
"3884",4394,86.9423225884493
"3885",4395,89.9443353060931
"3886",4396,83.7646291311564
"3887",4397,85.9970549232582
"3888",4398,81.7231768124011
"3889",4399,90.0025227777108
"3890",4400,77.092399262989
"3891",4401,79.8365256342061
"3892",4402,88.4160505615027
"3893",4403,86.2026484893913
"3894",4404,85.3837971072416
"3895",4405,86.8765071344773
"3896",4406,78.3752050092148
"3897",4407,89.5462842067629
"3898",4408,87.9686940213574
"3899",4409,86.0550085240512
"3900",4410,86.0911413346405
"3901",4411,82.1101035738434
"3902",4412,86.5938618526822
"3903",4414,79.8201678855016
"3904",4415,88.003692737689
"3905",4416,76.4854541939353
"3906",4417,89.2028901832939
"3907",4418,89.0977513752455
"3908",4419,87.7715409643568
"3909",4420,85.6741577252202
"3910",4422,92.6366160019115
"3911",4423,83.8552971000844
"3912",4424,94.4430400946469
"3913",4425,85.9104962063274
"3914",4426,86.4231988493875
"3915",4427,82.6614103060548
"3916",4428,86.7064535902471
"3917",4429,84.222313950707
"3918",4430,89.3218417987365
"3919",4432,86.908049466912
"3920",4433,88.2429482475016
"3921",4434,83.830838453867
"3922",4436,84.5003456128704
"3923",4437,88.0561988542002
"3924",4438,82.1608551959852
"3925",4439,91.6199947810521
"3926",4440,80.1945500716361
"3927",4441,83.0211092330763
"3928",4442,85.8271254559428
"3929",4443,75.3915732235639
"3930",4444,81.7093475595327
"3931",4445,76.8287924930533
"3932",4446,72.1597499697332
"3933",4447,90.6709197582471
"3934",4448,79.6716990149738
"3935",4450,89.4172458473715
"3936",4451,86.7701668279758
"3937",4452,83.856951154958
"3938",4453,87.1273607594684
"3939",4454,82.5994636194913
"3940",4458,89.337311720798
"3941",4459,85.0487948999724
"3942",4462,87.6597777122272
"3943",4463,80.9893573081314
"3944",4464,85.3378422195568
"3945",4465,88.558415206731
"3946",4466,85.3588051562325
"3947",4467,79.404389302251
"3948",4468,87.0155199964913
"3949",4469,85.2702237301215
"3950",4470,85.6217377131365
"3951",4471,84.6790046359404
"3952",4472,86.5832071989001
"3953",4473,87.756331239278
"3954",4474,89.1374002946284
"3955",4475,85.2580010374567
"3956",4476,87.9022828760092
"3957",4477,86.4499017945206
"3958",4478,85.4607848931314
"3959",4479,84.8590795904347
"3960",4480,85.2850674038566
"3961",4481,80.0300359948064
"3962",4482,82.2247659568526
"3963",4483,83.6902739232892
"3964",4484,82.4846963819218
"3965",4485,87.783531591974
"3966",4486,87.965658939524
"3967",4487,84.3259984993437
"3968",4488,82.5761727691529
"3969",4489,83.1521750756497
"3970",4490,88.2704341776225
"3971",4491,83.3280098534584
"3972",4492,85.7449529898522
"3973",4493,84.3591375661196
"3974",4494,86.4094479016772
"3975",4495,86.5366684663718
"3976",4496,78.7029934685875
"3977",4497,87.6446132803582
"3978",4498,85.3434268991629
"3979",4499,82.0241235467612
"3980",4500,85.4982887810238
"3981",4501,89.0878058022572
"3982",4502,86.0219261564686
"3983",4503,81.7088061481359
"3984",4504,84.8473406465341
"3985",4505,90.4811147680562
"3986",4506,83.5642931012797
"3987",4508,83.4289126752795
"3988",4509,85.7514351198719
"3989",4510,88.3180600503481
"3990",4511,85.7494399180872
"3991",4512,83.6745383292856
"3992",4513,85.4608750746881
"3993",4514,88.1438029133861
"3994",4515,86.7326583218707
"3995",4516,85.9741720411006
"3996",4517,84.7540113700813
"3997",4518,87.6740069395794
"3998",4519,85.6469213588585
"3999",4520,87.4684338640997
"4000",4521,80.2227353383724
"4001",4522,87.9389100180549
"4002",4523,79.5129328342008
"4003",4524,85.3580224253717
"4004",4525,83.7877354461145
"4005",4526,84.9503019111646
"4006",4527,85.2761314098543
"4007",4528,88.7053093948477
"4008",4529,84.9356154951991
"4009",4530,82.41722630504
"4010",4531,85.5166216688784
"4011",4532,86.3271707934811
"4012",4533,87.7977169543991
"4013",4534,89.0847970276876
"4014",4535,86.2506068893081
"4015",4536,83.5071688261131
"4016",4537,82.6292257758998
"4017",4540,87.3450102265927
"4018",4541,87.4897711856746
"4019",4543,82.762236097607
"4020",4544,83.2234884671742
"4021",4545,75.380248808052
"4022",4546,81.4690361443183
"4023",4547,80.4452184144805
"4024",4548,88.1406243665227
"4025",4550,83.6628827406509
"4026",4552,84.1066538730328
"4027",4553,75.436336593904
"4028",4555,89.7979551260688
"4029",4557,74.6296499099607
"4030",4558,83.3177129036775
"4031",4559,84.8251196917644
"4032",4560,86.5302778208346
"4033",4561,88.7911133560415
"4034",4562,79.1743382283271
"4035",4563,83.4534367016547
"4036",4564,83.3722854787133
"4037",4565,83.3462993258462
"4038",4566,82.5055366273325
"4039",4567,84.8479642517882
"4040",4568,81.5570323046694
"4041",4569,85.3498717000299
"4042",4570,82.5063384544974
"4043",4571,76.6990036162481
"4044",4572,79.5864374032894
"4045",4573,86.8258746078257
"4046",4574,80.1165654818118
"4047",4575,83.2430086769159
"4048",4576,89.4113914432129
"4049",4577,87.2492315251809
"4050",4578,87.3159170855906
"4051",4579,87.022615719264
"4052",4580,78.0693247458821
"4053",4581,86.4802939338103
"4054",4582,86.1878009733447
"4055",4583,84.407474812986
"4056",4584,85.3339166034725
"4057",4585,86.3530852368686
"4058",4586,90.3901767244458
"4059",4587,84.1525835504234
"4060",4588,87.1874621268557
"4061",4589,82.733803309136
"4062",4590,90.7226670323537
"4063",4591,84.9950426483374
"4064",4592,84.7957169923355
"4065",4593,83.576805185646
"4066",4594,89.3347318719063
"4067",4595,80.6710741663257
"4068",4597,86.5886719477754
"4069",4598,85.403697284108
"4070",4599,86.5182461182269
"4071",4600,85.1855362380381
"4072",4601,92.6013157600701
"4073",4602,86.8237263511894
"4074",4603,85.1253921139119
"4075",4605,83.8430862933672
"4076",4606,85.0871453254047
"4077",4607,88.6568135686714
"4078",4608,87.1166935010355
"4079",4609,86.8332116891158
"4080",4610,79.6010970623439
"4081",4611,82.2112248005333
"4082",4612,83.9596450668601
"4083",4613,87.1033027697442
"4084",4614,83.5223192667141
"4085",4615,88.4571529541224
"4086",4616,84.2341305889563
"4087",4617,78.4467377565871
"4088",4618,81.6724823608496
"4089",4619,85.1143986013707
"4090",4620,85.1864610957851
"4091",4621,84.804433080839
"4092",4622,86.9922152097636
"4093",4623,83.7395196345768
"4094",4624,87.7253772448104
"4095",4625,78.1004442043913
"4096",4626,75.0307898613764
"4097",4627,88.8063848404236
"4098",4628,83.0105310316842
"4099",4629,84.7159605282563
"4100",4630,84.5992775598393
"4101",4631,75.2664967944515
"4102",4632,85.2478648145263
"4103",4633,89.6674307893653
"4104",4634,83.2304264907174
"4105",4635,85.608373706185
"4106",4636,88.4327858471471
"4107",4637,83.547329075708
"4108",4638,78.1423359024383
"4109",4639,86.5794359088309
"4110",4640,85.433577878061
"4111",4641,86.9158986770517
"4112",4642,88.5389462787227
"4113",4643,71.4150480686775
"4114",4644,87.8539156158607
"4115",4645,89.132915976283
"4116",4646,77.3803384582761
"4117",4649,88.8146556334903
"4118",4650,78.1679130259019
"4119",4651,85.40086975107
"4120",4652,86.5297891927245
"4121",4653,89.0731274612769
"4122",4654,82.3679059430192
"4123",4655,86.2860017695872
"4124",4657,85.5960966634479
"4125",4658,87.8647778652716
"4126",4659,85.747390418798
"4127",4660,87.0128243907754
"4128",4661,82.6296439617038
"4129",4662,86.4811607980613
"4130",4663,88.2520815149346
"4131",4664,90.1317598521698
"4132",4665,84.4119201823014
"4133",4666,84.2618183240128
"4134",4667,82.3922920632325
"4135",4669,87.8519517254493
"4136",4670,88.1041591332198
"4137",4671,89.4018854064448
"4138",4672,87.6396087930911
"4139",4673,84.3695066105888
"4140",4674,87.370123062341
"4141",4675,87.2977463346035
"4142",4676,88.71687211488
"4143",4677,87.1820342239846
"4144",4678,85.6412922171057
"4145",4679,86.5020957562227
"4146",4680,90.4789162286506
"4147",4681,84.0795953823364
"4148",4682,85.2805836578366
"4149",4683,88.6066860674545
"4150",4684,82.5673717850835
"4151",4685,86.1432779094222
"4152",4686,86.3959552095253
"4153",4687,84.7481722640601
"4154",4688,88.4874407208793
"4155",4689,85.6131329609091
"4156",4690,86.2914478324196
"4157",4691,84.1682153556897
"4158",4692,86.5302266295032
"4159",4694,90.1372082985293
"4160",4695,85.1661265889315
"4161",4696,90.5588281090767
"4162",4697,90.8244605541861
"4163",4698,88.3954983675455
"4164",4699,88.3311712997355
"4165",4700,91.9950616354279
"4166",4701,89.0643151143698
"4167",4702,83.6816136256695
"4168",4703,84.687998161513
"4169",4704,84.5195311728926
"4170",4705,88.8625989126673
"4171",4706,86.9436164378715
"4172",4707,88.0729362014116
"4173",4708,84.677263128042
"4174",4709,87.5439260500794
"4175",4710,79.9707481959369
"4176",4711,86.4514471683064
"4177",4712,88.1719895976534
"4178",4713,72.6353457816388
"4179",4714,83.7112779025655
"4180",4715,88.4400066010715
"4181",4716,89.3995277430692
"4182",4717,79.7929795434198
"4183",4718,89.9204972252643
"4184",4719,83.2043908325915
"4185",4720,79.5722839051914
"4186",4721,85.8678503695755
"4187",4722,89.2013260514969
"4188",4723,81.8811127019184
"4189",4725,84.0025209535319
"4190",4727,88.1139429919462
"4191",4728,89.1822937131491
"4192",4729,88.0620004580336
"4193",4731,84.197638186559
"4194",4732,87.7425004979815
"4195",4733,84.7826300238508
"4196",4734,89.6030909620614
"4197",4735,81.5172354722386
"4198",4736,89.1856390642538
"4199",4737,84.6094912715374
"4200",4738,75.6458186392561
"4201",4740,87.5634562226114
"4202",4741,89.3516403491312
"4203",4743,88.4954484701048
"4204",4744,86.4475128924629
"4205",4745,87.6478643571539
"4206",4746,85.9133760076726
"4207",4748,85.4885677328225
"4208",4749,86.4811829741814
"4209",4750,86.2215755870053
"4210",4751,81.7906455122003
"4211",4752,91.7201256097186
"4212",4753,87.4680272958893
"4213",4754,84.8110189633222
"4214",4755,92.0736198309634
"4215",4756,83.1471620250163
"4216",4757,84.0764141633812
"4217",4758,86.6523598530758
"4218",4759,89.7408758655912
"4219",4761,82.9349897564639
"4220",4763,92.7758755708616
"4221",4764,82.4253110912252
"4222",4765,85.395899049257
"4223",4766,87.8615022312948
"4224",4767,85.0557433157283
"4225",4768,87.1018537613007
"4226",4769,92.3838653019358
"4227",4770,84.5318655764435
"4228",4771,87.5461634102962
"4229",4772,89.7395311802001
"4230",4773,87.9130232123821
"4231",4774,85.6022036346941
"4232",4775,83.8551294225518
"4233",4776,79.6009406400682
"4234",4777,87.6236522635395
"4235",4779,83.6178547915189
"4236",4780,89.2224172272167
"4237",4781,84.9517500521195
"4238",4782,87.0370307847441
"4239",4783,84.6238053916175
"4240",4784,82.3767202654885
"4241",4785,91.4162851743325
"4242",4786,85.2247458037855
"4243",4787,84.6243590111696
"4244",4788,88.4637361438215
"4245",4789,88.3303394205731
"4246",4790,89.7476215200689
"4247",4791,87.949704406602
"4248",4792,88.0670425387498
"4249",4793,89.8140168844506
"4250",4794,88.5158047910753
"4251",4795,85.3346256028576
"4252",4796,87.4357003246768
"4253",4797,80.9214871536148
"4254",4798,83.5686507872781
"4255",4799,80.1435289641925
"4256",4800,85.7395235345464
"4257",4801,87.931031247761
"4258",4802,84.4810790446292
"4259",4803,82.712330667427
"4260",4804,83.8801544093987
"4261",4805,89.4074406492573
"4262",4806,91.3317722072037
"4263",4807,86.9288802809099
"4264",4808,84.9019706389983
"4265",4809,84.5991906716124
"4266",4810,85.4199912700236
"4267",4811,87.5739224630089
"4268",4812,85.644960007921
"4269",4813,70.5710092636617
"4270",4814,84.0776282514212
"4271",4815,81.424091887794
"4272",4816,88.1017763161593
"4273",4817,88.3219485776279
"4274",4819,89.8177525307571
"4275",4821,84.2458701649454
"4276",4822,88.9715195267526
"4277",4823,87.6009752998364
"4278",4824,77.9361292168293
"4279",4826,84.3538617612031
"4280",4827,87.3472231012521
"4281",4828,88.1532285946304
"4282",4829,84.8738106249744
"4283",4830,82.8517667190433
"4284",4831,87.3355507836363
"4285",4832,85.5567089239821
"4286",4833,84.0737666372068
"4287",4834,88.7026230789483
"4288",4835,86.4597572452471
"4289",4836,82.8936534797517
"4290",4837,89.5110917640274
"4291",4838,90.0589041178921
"4292",4839,87.9270535165763
"4293",4840,90.3933458235191
"4294",4841,83.970151931342
"4295",4842,83.4916943719097
"4296",4844,84.6500971955535
"4297",4845,86.8268922008054
"4298",4846,78.7934952828933
"4299",4847,92.1906312036105
"4300",4848,84.4412210279044
"4301",4850,78.7301140623286
"4302",4852,88.3732291594962
"4303",4853,79.5964501529491
"4304",4854,88.38417930939
"4305",4855,81.6351960087788
"4306",4857,86.1235917700277
"4307",4858,90.144942884117
"4308",4860,91.5893243021905
"4309",4861,88.4084427335444
"4310",4862,90.992834146556
"4311",4863,90.0870700832662
"4312",4864,86.6118044002589
"4313",4865,82.4897563182855
"4314",4866,82.310065864875
"4315",4867,88.3759003134698
"4316",4868,85.5044677121415
"4317",4869,92.9076339251595
"4318",4870,90.6932064203734
"4319",4871,86.9145956393396
"4320",4872,91.9174590877275
"4321",4873,77.7754236631624
"4322",4874,73.0107051919829
"4323",4875,87.1432984726483
"4324",4876,85.8200310573164
"4325",4877,88.4765345581778
"4326",4878,72.1098075290394
"4327",4879,83.1270707075269
"4328",4880,81.506985654146
"4329",4881,83.920070295174
"4330",4884,95.4572132019014
"4331",4885,84.8924951576203
"4332",4886,84.1092697766269
"4333",4887,72.0984518116358
"4334",4888,83.8663095882291
"4335",4889,79.8160363258047
"4336",4890,85.2452279158638
"4337",4893,87.6265785033076
"4338",4894,76.8381901272847
"4339",4895,85.819728814148
"4340",4896,97.3704601834894
"4341",4897,85.0129328271528
"4342",4898,83.1180623465796
"4343",4899,87.3532817128026
"4344",4900,89.5890585831525
"4345",4901,80.3553259046693
"4346",4902,85.730031479978
"4347",4903,82.9347672261803
"4348",4907,88.2287544760885
"4349",4908,89.5378072139395
"4350",4909,85.8820340837088
"4351",4911,85.8590393820015
"4352",4912,88.5592159283212
"4353",4914,85.0394408461551
"4354",4915,80.2243117443158
"4355",4916,85.0210646668237
"4356",4917,82.3128394369942
"4357",4918,86.6292246979032
"4358",4919,84.7102030389636
"4359",4920,86.0142682221912
"4360",4921,88.8638111649083
"4361",4922,86.5635158571253
"4362",4923,86.678400073945
"4363",4925,85.382877529296
"4364",4926,91.8285786625478
"4365",4927,79.68065968889
"4366",4928,86.9842237277752
"4367",4929,83.457554629198
"4368",4930,85.6111283455519
"4369",4932,85.4091679997705
"4370",4934,88.3618391037793
"4371",4936,88.8832910683457
"4372",4937,87.0955543302275
"4373",4939,78.9791648149982
"4374",4941,78.3013393578111
"4375",4942,81.1191296044781
"4376",4943,85.8390973872745
"4377",4944,81.3674941485153
"4378",4945,85.9275759820857
"4379",4946,87.3088898437939
"4380",4947,84.867647134938
"4381",4949,83.8320186845335
"4382",4950,84.565961160184
"4383",4951,81.3488249980506
"4384",4952,85.3011917094874
"4385",4953,81.7586136900777
"4386",4954,84.9107346554923
"4387",4955,84.1101583856625
"4388",4956,80.2169810303982
"4389",4957,85.8671231763839
"4390",4958,83.8064595223864
"4391",4959,82.6579107395751
"4392",4960,87.5180046885517
"4393",4961,89.5222580594934
"4394",4962,88.545133795655
"4395",4963,81.1450755234028
"4396",4964,89.9525074074372
"4397",4965,86.1425701750792
"4398",4966,69.2035077658856
"4399",4967,84.2548998298879
"4400",4968,86.4716327969493
"4401",4969,81.202107580399
"4402",4970,85.903306256479
"4403",4971,88.3118831318649
"4404",4972,87.4456198366537
"4405",4973,77.2463143209575
"4406",4974,92.7497482021547
"4407",4975,66.8420806503054
"4408",4976,87.123795806528
"4409",4977,88.9524088904269
"4410",4978,86.2385710889186
"4411",4979,85.3665226712868
"4412",4980,82.4951316780468
"4413",4981,81.3702847273462
"4414",4982,88.921926050597
"4415",4983,74.4224796066801
"4416",4984,78.9741452564484
"4417",4985,86.2095973151093
"4418",4986,81.5637380747494
"4419",4987,77.2820515490894
"4420",4988,83.8389147201528
"4421",4989,90.7307291350286
"4422",4990,86.638646790595
"4423",4991,87.3347266443555
"4424",4992,86.477834843193
"4425",4993,78.1684492433138
"4426",4994,78.660467145656
"4427",4995,80.9705660447906
"4428",4996,86.6591967365492
"4429",4997,90.1364758698605
"4430",4998,81.2645115815285
"4431",4999,87.2432791686092
"4432",5000,86.722905282182
"4433",5001,87.5831681973501
"4434",5002,89.1026877995655
"4435",5003,86.4958280440789
"4436",5004,82.7239642083837
"4437",5005,85.6380453245183
"4438",5006,84.9160668216755
"4439",5007,81.456081276565
"4440",5008,85.0800144859076
"4441",5009,85.1273176958826
"4442",5010,82.1973289373185
"4443",5011,87.0134283581313
"4444",5012,88.2469491108172
"4445",5013,86.0494687331406
"4446",5014,88.1807229751242
"4447",5015,86.6961968277827
"4448",5016,83.925490051676
"4449",5017,87.294166350454
"4450",5021,86.6368804184381
"4451",5022,86.1726806852435
"4452",5023,84.4781873757408
"4453",5024,91.2867519285325
"4454",5025,85.218005126579
"4455",5026,71.9054001369323
"4456",5027,84.9232816254997
"4457",5028,90.1580813210323
"4458",5029,78.8891101917725
"4459",5033,87.0537795449263
"4460",5034,85.9517127111484
"4461",5035,88.6824200331459
"4462",5036,86.2227364965321
"4463",5037,84.4011638852022
"4464",5038,84.2909123107351
"4465",5039,77.5822908145209
"4466",5040,80.2688422430103
"4467",5041,83.7442127363608
"4468",5042,87.3289986150323
"4469",5044,85.8703026088157
"4470",5045,74.8154851143622
"4471",5046,71.3872155763911
"4472",5047,86.7722641205492
"4473",5048,91.8650929345954
"4474",5049,83.08848652762
"4475",5051,86.7560287380406
"4476",5053,85.8690379908285
"4477",5054,61.6874649397123
"4478",5055,74.1851278624493
"4479",5056,83.0393874416764
"4480",5057,83.6168834364276
"4481",5058,85.0734098277717
"4482",5059,82.5914228450319
"4483",5060,87.8893260333874
"4484",5061,89.1922218756571
"4485",5062,75.7784612891107
"4486",5063,87.6626429145237
"4487",5064,77.7227121508999
"4488",5065,80.1690091247793
"4489",5066,89.8392141392632
"4490",5068,86.3840352776731
"4491",5069,78.8039639853298
"4492",5071,80.5491741118962
"4493",5072,77.3101970963551
"4494",5073,88.4665496253316
"4495",5074,85.4705023070017
"4496",5075,87.2145432748187
"4497",5076,87.3083185656576
"4498",5077,83.3596037014247
"4499",5078,86.489386494315
"4500",5079,90.4789376446019
"4501",5080,90.2829422197427
"4502",5081,85.2038550003785
"4503",5083,84.1337252152711
"4504",5085,89.7242861453327
"4505",5086,90.0983586096642
"4506",5087,90.958710751932
"4507",5088,90.7241125072949
"4508",5090,88.5124578305424
"4509",5092,87.3111472488512
"4510",5093,86.4711901785604
"4511",5094,82.5099041250865
"4512",5095,85.2946070443324
"4513",5096,88.9871303369748
"4514",5097,86.1197662714257
"4515",5098,88.0108212204164
"4516",5099,88.2751861523734
"4517",5100,87.9382398950307
"4518",5101,85.4365658224745
"4519",5102,89.7343148287842
"4520",5103,85.2109251209101
"4521",5105,86.7047656884664
"4522",5106,90.133802541227
"4523",5107,85.4004839502724
"4524",5108,85.7198952117774
"4525",5109,92.6460297436182
"4526",5110,87.8380485538726
"4527",5111,87.3528351072902
"4528",5112,85.93868010552
"4529",5113,89.6574887297315
"4530",5114,86.7235702036425
"4531",5116,90.3495676784065
"4532",5117,85.0166762054694
"4533",5118,89.1833088972504
"4534",5119,87.3690698790205
"4535",5120,80.9191525548087
"4536",5121,89.39318192597
"4537",5122,84.2349914803243
"4538",5123,89.005638155719
"4539",5125,85.2390472477815
"4540",5126,85.1251708704974
"4541",5127,82.4840148205562
"4542",5128,87.6258785222766
"4543",5131,83.2911057572565
"4544",5134,89.0137661184156
"4545",5135,89.5150682296263
"4546",5136,83.0861756530068
"4547",5137,85.4233110694182
"4548",5139,86.364751158527
"4549",5140,86.3965812404685
"4550",5141,85.4848636790448
"4551",5142,86.7781156984906
"4552",5143,90.2679365408577
"4553",5145,87.8994502685883
"4554",5146,76.7917208057025
"4555",5147,85.3551685111474
"4556",5151,90.2364668333176
"4557",5152,86.3945293570973
"4558",5153,90.1781940722706
"4559",5155,89.9693217209449
"4560",5157,89.3073215423044
"4561",5158,82.7723682733911
"4562",5159,86.8414086404567
"4563",5161,81.7769573030211
"4564",5162,82.9891342584076
"4565",5163,90.3288126379687
"4566",5164,87.7458843136188
"4567",5165,93.0470182715834
"4568",5167,87.0700384795892
"4569",5168,85.6637570462962
"4570",5169,82.9718347206152
"4571",5170,81.5817361944719
"4572",5171,71.0569050099298
"4573",5172,82.0765377766925
"4574",5174,84.0181698831767
"4575",5177,83.5291803780459
"4576",5179,87.0543074726346
"4577",5180,89.0205589480256
"4578",5181,81.2334995042422
"4579",5182,88.2044056233372
"4580",5184,86.2634946019241
"4581",5185,90.2403565799085
"4582",5186,86.4443571967565
"4583",5187,83.8368857109401
"4584",5189,91.8184463327661
"4585",5190,89.5280924391884
"4586",5192,78.8668318959748
"4587",5193,85.3024622248252
"4588",5197,90.0089988323734
"4589",5198,86.107254658928
"4590",5199,84.7670517407278
"4591",5202,87.9748657985699
"4592",5203,91.4961213572667
"4593",5205,88.5394038057813
"4594",5208,83.4370258418843
"4595",5209,89.0219764769841
"4596",5210,88.9004465062088
"4597",5211,82.5012280617605
"4598",5212,84.0256837740877
"4599",5213,85.9451326561979
"4600",5214,83.2238938596073
"4601",5215,84.9678108434276
"4602",5217,87.3273391682123
"4603",5218,85.7645040717102
"4604",5219,85.9487830671508
"4605",5220,88.0910342191064
"4606",5221,82.9218277298375
"4607",5222,88.5379966885526
"4608",5223,90.6098071001178
"4609",5224,95.3085156593286
"4610",5225,89.9283422053498
"4611",5226,85.4876911841734
"4612",5227,79.0389757494368
"4613",5228,92.4508895812414
"4614",5230,87.9683939547342
"4615",5231,84.5170467902153
"4616",5232,83.0844887123048
"4617",5233,82.5087034371339
"4618",5234,84.0467010311299
"4619",5235,80.5352314368473
"4620",5236,89.1374044277383
"4621",5237,74.1138655112988
"4622",5238,82.2124263384702
"4623",5240,82.1996272550041
"4624",5241,88.8702125467835
"4625",5243,78.6680710192274
"4626",5244,84.0408821672334
"4627",5245,79.4992433539202
"4628",5246,83.7823643426074
"4629",5247,80.5270472400752
"4630",5248,83.7545529434119
"4631",5249,91.1801952081862
"4632",5250,84.5378279079065
"4633",5251,84.6637610544855
"4634",5254,80.6178340445812
"4635",5255,90.2035933454861
"4636",5256,86.6282406302641
"4637",5258,85.3464342177865
"4638",5263,90.5794088696027
"4639",5264,80.7459454375136
"4640",5265,86.1375909999019
"4641",5266,77.1764652321771
"4642",5267,85.4688414954931
"4643",5268,82.5434375868021
"4644",5269,91.7233232691541
"4645",5272,88.6715570504323
"4646",5275,85.5815883169795
"4647",5276,88.0034073415153
"4648",5278,90.7479760216573
"4649",5279,84.3809753153681
"4650",5282,88.4142361416533
"4651",5283,90.9881006864216
"4652",5284,86.442279632546
"4653",5285,77.5604634882509
"4654",5287,84.6602051058275
"4655",5288,87.1652389931162
"4656",5289,88.5196385588023
"4657",5290,83.6437632471186
"4658",5291,81.4376841461267
"4659",5292,83.4818328664692
"4660",5293,81.5405134375381
"4661",5294,73.5621796581727
"4662",5295,84.3384571826333
"4663",5296,90.2887833428598
"4664",5297,84.0712105651607
"4665",5298,81.3196954063363
"4666",5299,88.5612883411101
"4667",5300,80.6837200942233
"4668",5301,89.1512121097086
"4669",5302,86.8830014293846
"4670",5303,81.7492991886706
"4671",5304,89.0596991728964
"4672",5305,86.2281054772975
"4673",5306,87.544752145521
"4674",5307,85.8422785578177
"4675",5308,86.1307394078254
"4676",5309,87.5915675481655
"4677",5310,84.9752600648335
"4678",5311,87.9295611099056
"4679",5312,85.8344943320232
"4680",5313,85.5016850358634
"4681",5314,89.4826454851972
"4682",5315,84.6381768186695
"4683",5316,83.4562489905251
"4684",5319,81.7607399597865
"4685",5321,89.2965481976651
"4686",5323,83.932892220613
"4687",5324,85.0215774591514
"4688",5325,84.2078538380258
"4689",5327,90.8886006452223
"4690",5328,85.8675995362447
"4691",5329,78.6460955311066
"4692",5331,90.0944046911226
"4693",5332,86.8940743874828
"4694",5333,86.5549032704212
"4695",5334,85.6189175846482
"4696",5335,85.6489501500688
"4697",5337,85.1199104948738
"4698",5339,88.3145929629299
"4699",5340,74.675389830115
"4700",5341,82.6581068495319
"4701",5343,83.6088755219222
"4702",5344,88.3380646067378
"4703",5346,88.196953279609
"4704",5347,84.7375150794888
"4705",5348,83.2083854879681
"4706",5349,76.1622603401421
"4707",5350,88.8571881295
"4708",5351,92.2496839559492
"4709",5352,84.6538413593294
"4710",5353,83.4102778609731
"4711",5354,84.1313411071012
"4712",5355,84.1945574818182
"4713",5356,85.6321075487081
"4714",5357,87.7175975982109
"4715",5358,82.6111868171104
"4716",5359,86.1362205135709
"4717",5360,87.4616185642475
"4718",5361,86.9910044430572
"4719",5362,91.6719768871938
"4720",5363,91.4995565267419
"4721",5364,88.7123824248493
"4722",5365,87.6876223695794
"4723",5366,83.626888878083
"4724",5367,90.1739155552747
"4725",5368,90.6091268508676
"4726",5369,87.7009431357294
"4727",5372,89.6944452041729
"4728",5373,89.8324897981764
"4729",5375,89.2263614768786
"4730",5376,82.5455530438467
"4731",5377,84.5645467515317
"4732",5378,71.6885575311539
"4733",5379,94.7780802051811
"4734",5380,87.1493520379297
"4735",5381,85.7518265169264
"4736",5382,83.0799829933106
"4737",5383,82.1702786125981
"4738",5384,89.2301680085809
"4739",5385,83.2144409016148
"4740",5387,87.5478211766181
"4741",5388,83.5481551187891
"4742",5389,90.5005133721489
"4743",5390,85.7336112401068
"4744",5391,81.8254919966162
"4745",5392,84.2356677050405
"4746",5395,84.5855182011475
"4747",5396,84.5993007127048
"4748",5397,86.4220861151878
"4749",5398,84.7798511681475
"4750",5399,86.230303142068
"4751",5400,88.127968417175
"4752",5401,89.4688506057489
"4753",5404,86.7380839953388
"4754",5406,82.8716165054621
"4755",5409,83.3294292682283
"4756",5410,69.921817703889
"4757",5412,87.1746839991017
"4758",5413,92.7797478513483
"4759",5414,84.9017459475222
"4760",5415,88.7924091004465
"4761",5416,81.7628679110211
"4762",5417,82.9787554184514
"4763",5418,83.9262239590443
"4764",5419,85.3608296910381
"4765",5420,85.9377908344173
"4766",5421,79.8192894920192
"4767",5422,80.1791498380964
"4768",5423,88.0165963281537
"4769",5424,82.1140186157377
"4770",5425,83.7750500806644
"4771",5426,88.9727293593964
"4772",5427,85.9685263360372
"4773",5428,84.2912389365872
"4774",5429,86.7213803684252
"4775",5431,85.4461443332442
"4776",5432,85.1796315377797
"4777",5433,87.427431382618
"4778",5434,83.2138716575314
"4779",5435,82.5183954438394
"4780",5436,84.1542784609337
"4781",5437,79.8277359784712
"4782",5438,84.8459353798093
"4783",5439,88.2487591423404
"4784",5440,87.298372486941
"4785",5442,85.80004217219
"4786",5443,88.193141545223
"4787",5444,90.31805513933
"4788",5445,52.1564007189225
"4789",5446,86.842348095288
"4790",5447,85.5381859529424
"4791",5448,87.1158804945559
"4792",5449,86.7439171940491
"4793",5450,87.7014304847488
"4794",5451,82.5988017570869
"4795",5452,87.3799197267435
"4796",5453,86.4842298650737
"4797",5454,84.9837986225122
"4798",5455,86.1367741295228
"4799",5456,87.8922799421433
"4800",5457,83.4314434169925
"4801",5459,80.6289314394244
"4802",5460,86.3983556510406
"4803",5461,87.7546794321495
"4804",5462,85.386475344122
"4805",5463,72.2732425946647
"4806",5464,78.8402992766706
"4807",5465,88.5697897853434
"4808",5466,88.9950746558219
"4809",5468,82.8098641945263
"4810",5469,83.4288113926632
"4811",5470,86.8658101064362
"4812",5471,82.5798945584598
"4813",5472,87.1614740775411
"4814",5473,92.952410973906
"4815",5474,89.0410438267224
"4816",5475,84.1108449017464
"4817",5476,87.8286764438682
"4818",5477,87.430278857497
"4819",5478,84.5361300532713
"4820",5479,86.9264027493988
"4821",5480,88.994195170568
"4822",5481,87.4914435407897
"4823",5482,86.5161082038299
"4824",5483,79.5115310002135
"4825",5484,92.6256370529356
"4826",5485,84.5245064172499
"4827",5486,83.3748874509889
"4828",5488,91.3143059589149
"4829",5489,88.757639494391
"4830",5490,87.7508856751606
"4831",5493,85.0470648270212
"4832",5495,88.0323968902035
"4833",5496,86.7439961527518
"4834",5497,86.680764573864
"4835",5498,84.8646699208547
"4836",5499,84.1362973100173
"4837",5500,86.8471773802729
"4838",5501,86.4857013799294
"4839",5502,69.6735026055788
"4840",5503,91.6216002955747
"4841",5504,86.1424557367692
"4842",5505,86.0830378728673
"4843",5506,85.1566063929915
"4844",5507,86.6724747861933
"4845",5508,86.7944515460892
"4846",5509,88.6313305468862
"4847",5512,88.229736645027
"4848",5513,87.2298093714292
"4849",5515,86.806221663629
"4850",5516,87.4990741569705
"4851",5517,89.1889056275731
"4852",5521,82.8311417497556
"4853",5522,76.7556480227889
"4854",5523,79.2110442179272
"4855",5524,91.8471741663042
"4856",5525,89.1300705252443
"4857",5526,87.4426481030498
"4858",5527,86.4338159153086
"4859",5528,81.4332581727617
"4860",5529,84.5718224603389
"4861",5530,70.0513781101395
"4862",5531,83.0575000840551
"4863",5532,87.0711169346526
"4864",5538,86.9096876234312
"4865",5539,85.795705278836
"4866",5540,73.5374491368303
"4867",5541,89.4374059974506
"4868",5543,86.4288050795716
"4869",5544,73.3223802253237
"4870",5546,86.738176097925
"4871",5548,87.069664405086
"4872",5550,85.0422455266692
"4873",5552,90.9589302778231
"4874",5553,83.4957730176978
"4875",5555,85.0357507362767
"4876",5556,82.6201727005923
"4877",5557,86.3174673183942
"4878",5559,91.646165505176
"4879",5560,90.0656020676449
"4880",5561,84.2875657966501
"4881",5563,86.263917041229
"4882",5564,88.2112740164249
"4883",5568,86.3492660678427
"4884",5569,92.2574161743685
"4885",5570,81.5273954003179
"4886",5572,86.2252601970608
"4887",5573,87.5151215043556
"4888",5574,81.7817031167264
"4889",5575,91.9049242105686
"4890",5577,84.825338195263
"4891",5580,86.3960967586551
"4892",5581,83.0867542500886
"4893",5582,85.4008037240581
"4894",5583,91.0024091830657
"4895",5584,85.5536306275598
"4896",5585,88.1007074686299
"4897",5587,89.0321599347307
"4898",5588,88.2416918992195
"4899",5589,84.1032496766791
"4900",5591,89.7118484548295
"4901",5593,85.4088104182379
"4902",5596,81.7813663592547
"4903",5597,83.87473855773
"4904",5598,86.4056734921032
"4905",5600,81.0885633363497
"4906",5601,87.3010335660166
"4907",5602,87.4078144522212
"4908",5603,86.0955541285292
"4909",5604,84.8108575686756
"4910",5605,84.1565122972263
"4911",5606,86.7463136849356
"4912",5607,90.5559859476231
"4913",5608,78.0217423206581
"4914",5609,83.8158494325334
"4915",5610,87.5978744585916
"4916",5611,85.433241459384
"4917",5612,86.9230370260956
"4918",5613,87.4775730013608
"4919",5614,96.6425859704482
"4920",5615,88.9578558187808
"4921",5617,85.9817550786028
"4922",5618,87.1098906147115
"4923",5619,90.128886760836
"4924",5620,91.1077055250951
"4925",5621,84.569735332556
"4926",5625,78.7289158454995
"4927",5628,83.9027569861523
"4928",5630,89.5476817718912
"4929",5632,84.8122168267868
"4930",5633,79.8290065154864
"4931",5635,81.7852379477604
"4932",5636,85.2260359403885
"4933",5637,85.5318202376867
"4934",5638,84.2548383944872
"4935",5639,86.5585203302707
"4936",5640,86.8146366855852
"4937",5641,83.8225313270593
"4938",5642,84.7589522396657
"4939",5643,81.2597188972042
"4940",5644,80.5309176310514
"4941",5645,87.4750039169868
"4942",5646,82.371216539617
"4943",5647,85.4490298549224
"4944",5648,84.2818867442916
"4945",5649,87.1080310613158
"4946",5650,77.4660727674886
"4947",5651,84.6423602290674
"4948",5653,90.7457376724146
"4949",5655,84.9249892811879
"4950",5657,80.1380467918117
"4951",5660,84.655723826039
"4952",5662,89.5971219243065
"4953",5663,81.9119360553221
"4954",5664,90.0305832569988
"4955",5665,84.3622508198539
"4956",5666,88.3844144929643
"4957",5667,86.0783726370847
"4958",5668,85.1156223839263
"4959",5669,89.3430302685024
"4960",5670,82.5342272110641
"4961",5672,82.6151857822067
"4962",5673,81.9896280244443
"4963",5675,85.9858672069902
"4964",5677,86.8897265166845
"4965",5678,86.4557871846717
"4966",5679,79.867461982976
"4967",5680,85.634376856894
"4968",5682,87.2892719238149
"4969",5684,80.9087805386282
"4970",5685,88.7338952096205
"4971",5686,85.8851548927839
"4972",5687,94.0361014520859
"4973",5688,88.9003659673321
"4974",5689,88.8511779421003
"4975",5690,90.902714765237
"4976",5691,86.9640382712411
"4977",5692,81.1809465651037
"4978",5693,86.2564683059083
"4979",5694,85.955900462085
"4980",5696,87.7747417867784
"4981",5697,89.6532101368082
"4982",5699,87.3398978772218
"4983",5700,82.8519446970773
"4984",5701,88.1799992347615
"4985",5703,80.4520072199481
"4986",5705,87.7655478238621
"4987",5707,82.5369979268825
"4988",5710,81.4843626830071
"4989",5712,81.5782600029069
"4990",5717,92.4269779811256
"4991",5718,86.1039146651152
"4992",5721,85.7289475299692
"4993",5722,90.2402461256005
"4994",5723,88.8145014022384
"4995",5726,87.3974681104808
"4996",5729,86.8813099274646
"4997",5730,85.5279958556953
"4998",5731,88.04384632974
"4999",5732,86.1997523505169
"5000",5733,85.3976653949438
"5001",5734,81.9913633902591
"5002",5735,86.8019550150414
"5003",5736,80.4768801754384
"5004",5737,81.2659672617337
"5005",5738,79.9911604558109
"5006",5739,78.8758842423619
"5007",5740,81.4664442015099
"5008",5741,89.5824052874465
"5009",5742,83.2861199294691
"5010",5743,85.202011280953
"5011",5745,84.3934715245844
"5012",5747,85.3227769088358
"5013",5749,85.5477816078046
"5014",5752,90.8845367392262
"5015",5754,86.6440247159418
"5016",5755,88.0928454231024
"5017",5760,89.2621651916474
"5018",5761,84.1287586146958
"5019",5762,91.1371694100096
"5020",5763,86.1294195727614
"5021",5764,78.7906117587807
"5022",5765,84.8764971024892
"5023",5767,87.6374783587983
"5024",5768,84.4005023031704
"5025",5769,85.438212282645
"5026",5770,89.9436869422531
"5027",5771,90.1225957440762
"5028",5772,78.3826021640212
"5029",5773,85.3157729923961
"5030",5777,86.3491679808293
"5031",5779,89.8201506482762
"5032",5780,86.8340197185049
"5033",5781,90.5882182337281
"5034",5782,70.4157939486459
"5035",5783,84.668698226422
"5036",5784,85.5158744369666
"5037",5785,92.4487658879965
"5038",5787,80.786439671989
"5039",5788,88.767809588971
"5040",5791,84.7125750271885
"5041",5792,84.7804540003319
"5042",5794,90.5981560071214
"5043",5796,92.4534253301598
"5044",5797,87.7882600156872
"5045",5799,91.9911736479043
"5046",5800,85.9090361014547
"5047",5801,86.8226393467135
"5048",5802,88.5477828167841
"5049",5803,86.4280487627191
"5050",5804,88.6083656265205
"5051",5808,81.4987830155595
"5052",5809,85.7440858330729
"5053",5810,84.553430504517
"5054",5812,84.4654564120174
"5055",5815,90.6973727691845
"5056",5816,97.2315929726501
"5057",5817,87.1747357594275
"5058",5818,91.2370414231135
"5059",5820,80.0711554234398
"5060",5821,89.7287588975024
"5061",5824,83.5349260965966
"5062",5825,87.2518133264201
"5063",5826,83.7286809893956
"5064",5829,83.7395066971784
"5065",5830,85.1543111677494
"5066",5832,87.4396225122346
"5067",5833,83.3215201874278
"5068",5836,81.5087609798092
"5069",5838,82.8134083033137
"5070",5839,85.655310030352
"5071",5840,85.6140423822844
"5072",5841,87.3128036621669
"5073",5842,85.7030053220404
"5074",5843,79.7893330888273
"5075",5845,85.8883354746679
"5076",5846,86.4979705451599
"5077",5847,79.485524253402
"5078",5848,87.1218989511164
"5079",5852,87.8152603118246
"5080",5853,81.00937592558
"5081",5854,83.6245955030853
"5082",5855,86.9612723321367
"5083",5857,85.363416794457
"5084",5859,85.9075486505393
"5085",5862,87.9786806316322
"5086",5863,83.1456996125047
"5087",5864,85.1166995956427
"5088",5867,82.592430849016
"5089",5868,86.8445195761165
"5090",5869,80.0989928260028
"5091",5872,88.0673043504917
"5092",5873,81.8555873599678
"5093",5874,89.6728289673013
"5094",5875,82.6676846653855
"5095",5876,86.2180371272357
"5096",5878,87.421661491134
"5097",5879,87.7905094194084
"5098",5880,86.0726859062406
"5099",5881,77.5318341185097
"5100",5882,87.6566612439717
"5101",5883,86.9794393121704
"5102",5884,87.2620087646146
"5103",5885,90.8863183720573
"5104",5888,83.2173965205169
"5105",5890,86.0377611534678
"5106",5891,92.1486743258471
"5107",5893,84.2760228246966
"5108",5896,87.3403250512392
"5109",5898,81.6574038136286
"5110",5899,84.350346646219
"5111",5900,88.2695184461719
"5112",5901,84.8442174118026
"5113",5902,82.2281135243807
"5114",5903,52.3663448686138
"5115",5909,92.4362396353896
"5116",5911,88.643143388585
"5117",5914,85.4901352743532
"5118",5915,89.0796122057489
"5119",5916,86.7806007936295
"5120",5919,75.1776465576098
"5121",5923,84.0702928161894
"5122",5924,89.3772286801982
"5123",5926,87.4984412572196
"5124",5927,87.0689652186429
"5125",5928,85.7451601659482
"5126",5930,86.8798049105425
"5127",5932,87.5092830505724
"5128",5933,85.1974392033725
"5129",5935,88.6924096083482
"5130",5936,88.0978969008019
"5131",5937,85.2930696973657
"5132",5938,82.1849265648442
"5133",5940,86.1235702217962
"5134",5941,88.362666847649
"5135",5942,89.6841747070756
"5136",5943,91.048906248685
"5137",5944,82.4028730862198
"5138",5945,85.0233162324101
"5139",5947,86.240661870047
"5140",5949,79.045712520885
"5141",5951,90.2637816606773
"5142",5952,76.74490075455
"5143",5954,79.9159373482275
"5144",5955,84.6144654951044
"5145",5956,77.775357480476
"5146",5957,89.3480752620919
"5147",5958,90.0463178519618
"5148",5959,78.9817963331834
"5149",5960,85.9083427979598
"5150",5961,85.2632127545636
"5151",5962,88.5852586895806
"5152",5963,90.8724609613963
"5153",5965,77.9785394772448
"5154",5966,84.414234420018
"5155",5968,86.4006381502205
"5156",5969,88.5118152330341
"5157",5970,88.5403535565997
"5158",5971,90.585125636358
"5159",5974,81.2746457975476
"5160",5975,86.612743244915
"5161",5977,86.4994026429887
"5162",5980,89.8392958570472
"5163",5981,80.5061610796016
"5164",5983,84.6306744153355
"5165",5984,89.3716965200805
"5166",5985,86.0380956197486
"5167",5986,84.9681777286498
"5168",5987,85.9557266187647
"5169",5988,84.202095136647
"5170",5989,79.7151466601933
"5171",5990,88.006735068175
"5172",5991,88.2191889728832
"5173",5992,85.7204183868353
"5174",5993,85.5506737796766
"5175",5994,84.3268898310296
"5176",5995,86.7531945570644
"5177",5998,87.8852666332174
"5178",5999,81.5429452798775
"5179",6001,86.452661512415
"5180",6002,82.9382929815418
"5181",6003,79.1029273640901
"5182",6005,83.3759798767804
"5183",6006,89.7066123372898
"5184",6008,86.388880982512
"5185",6009,88.4703016386676
"5186",6010,80.1212369860648
"5187",6012,88.1238544955456
"5188",6013,86.7488300527428
"5189",6014,88.9053947757133
"5190",6016,82.9963294709397
"5191",6017,93.0508912648614
"5192",6020,89.2432748271312
"5193",6021,86.6212688553552
"5194",6022,80.0834359618659
"5195",6023,85.3486874821714
"5196",6024,84.8506592898926
"5197",6025,89.47171276986
"5198",6027,86.5670162919781
"5199",6030,84.5780764811459
"5200",6031,87.7563688497702
"5201",6032,86.6059753713787
"5202",6033,84.1354169566435
"5203",6035,85.530721220249
"5204",6036,91.2628295302045
"5205",6037,90.5223404669726
"5206",6038,77.3460800836299
"5207",6039,87.1423732628524
"5208",6040,88.0990829512112
"5209",6041,95.2098658087597
"5210",6042,82.5309761251889
"5211",6044,81.3431382984136
"5212",6045,85.557515028578
"5213",6047,83.0772438224007
"5214",6049,88.7051714403874
"5215",6050,85.0210921106572
"5216",6051,87.6796006860872
"5217",6054,87.0748738149528
"5218",6056,88.0863270478836
"5219",6057,86.9871229289006
"5220",6058,87.547467905283
"5221",6059,79.3744177502019
"5222",6060,88.8803666929423
"5223",6062,78.4408122481873
"5224",6063,85.3917980455722
"5225",6064,85.1211538722188
"5226",6065,90.2929027725674
"5227",6066,85.0069628533922
"5228",6067,84.715810659215
"5229",6070,85.6844696772608
"5230",6072,88.9574820115028
"5231",6076,83.8491278357105
"5232",6077,86.8826321054837
"5233",6078,82.4632105048049
"5234",6082,82.6463408820227
"5235",6084,84.7396066794015
"5236",6087,79.293568110933
"5237",6091,94.1428187526543
"5238",6092,89.573039810661
"5239",6093,85.0132420726023
"5240",6094,89.0427112204989
"5241",6099,83.2871789198823
"5242",6100,86.6279534779499
"5243",6101,89.4968474703885
"5244",6102,88.0762842128942
"5245",6104,88.0796711548527
"5246",6105,81.3333984177876
"5247",6107,93.1674045357305
"5248",6109,86.3910604532469
"5249",6114,88.1010283968409
"5250",6115,90.5488041478634
"5251",6116,90.0690940052544
"5252",6118,86.2782063588975
"5253",6119,85.9656896340134
"5254",6120,87.0206909640413
"5255",6121,86.3597918183126
"5256",6122,81.1562486751901
"5257",6123,90.2103692309409
"5258",6124,85.2881308909109
"5259",6125,78.8889574979337
"5260",6126,87.0138866762958
"5261",6127,87.7313687629433
"5262",6128,86.4864381471594
"5263",6132,90.2116097016214
"5264",6134,90.474024064527
"5265",6135,84.8084361236958
"5266",6139,89.8315010275051
"5267",6140,87.1257474279933
"5268",6141,85.9077285643139
"5269",6143,87.3774683385347
"5270",6144,93.0426521515506
"5271",6147,91.0854800719409
"5272",6148,88.4002374762707
"5273",6152,80.0689462106746
"5274",6153,87.5053763471409
"5275",6154,88.5120856121516
"5276",6155,90.1770028355064
"5277",6156,85.7014456330455
"5278",6157,87.1366022022724
"5279",6158,88.713262912445
"5280",6159,83.2486118864497
"5281",6160,93.4646657532039
"5282",6162,88.7459750146967
"5283",6163,81.6666456405657
"5284",6166,87.1546735641474
"5285",6168,88.1702679486896
"5286",6169,87.4820603057529
"5287",6170,86.1379163313293
"5288",6173,86.6675918752761
"5289",6176,82.7179195563964
"5290",6177,86.0149329126507
"5291",6178,85.9290624442801
"5292",6180,88.4364184172069
"5293",6181,84.8051510201897
"5294",6182,88.7743873493167
"5295",6183,85.1372739357027
"5296",6184,81.799620425164
"5297",6185,82.4890714208142
"5298",6186,89.0389540699389
"5299",6187,82.5769365910268
"5300",6188,89.574446283423
"5301",6190,89.422825695067
"5302",6192,87.5447657342262
"5303",6193,81.5468507463674
"5304",6195,82.8210484928631
"5305",6196,83.141070235617
"5306",6197,82.4785299577
"5307",6198,87.137786198509
"5308",6200,78.619993629333
"5309",6201,85.2170719474526
"5310",6202,88.2492432697077
"5311",6203,86.3612472653652
"5312",6204,86.9880312151333
"5313",6206,88.489612168669
"5314",6208,84.6891985375941
"5315",6210,81.082217065336
"5316",6211,91.2035660786523
"5317",6212,88.0627869412353
"5318",6213,83.8653204651812
"5319",6214,87.67360593616
"5320",6215,87.3298576665079
"5321",6216,90.3156905938206
"5322",6217,81.4184380256542
"5323",6218,93.6486152734621
"5324",6219,82.5315226345777
"5325",6220,86.7163318588382
"5326",6221,88.7192272108991
"5327",6222,86.034583424349
"5328",6223,88.113175869885
"5329",6225,79.9183099759185
"5330",6226,87.6135180391834
"5331",6228,84.9161602820405
"5332",6229,87.165828849525
"5333",6230,85.9085588451152
"5334",6231,83.175208716477
"5335",6232,86.666587384345
"5336",6233,88.1666712376476
"5337",6234,90.5803555169434
"5338",6235,90.384825881919
"5339",6236,82.7593012716127
"5340",6237,81.9085722713406
"5341",6238,87.8728874706575
"5342",6239,74.1512764847475
"5343",6240,80.4547750565628
"5344",6241,88.3023737269726
"5345",6242,81.4972877465118
"5346",6243,86.2204133097985
"5347",6244,87.1040991950218
"5348",6245,87.6920558295391
"5349",6247,89.0483211989718
"5350",6248,91.313470108352
"5351",6249,88.7564324379966
"5352",6250,83.9357210191569
"5353",6251,90.5661435214751
"5354",6252,86.8948994553559
"5355",6254,88.2151843426348
"5356",6255,86.8957144667254
"5357",6257,87.5942947965582
"5358",6258,89.1066691376014
"5359",6259,88.834846476622
"5360",6260,83.2959383249549
"5361",6261,83.2436396388478
"5362",6263,79.2886729231377
"5363",6264,76.451905257591
"5364",6265,86.0190720486152
"5365",6266,91.591660837986
"5366",6267,84.657387660338
"5367",6268,86.2049218633281
"5368",6269,85.3240451551424
"5369",6270,80.549188046741
"5370",6271,82.8956263511183
"5371",6273,88.9947655978146
"5372",6279,84.1680342186178
"5373",6280,83.901264847541
"5374",6281,76.5956598871531
"5375",6283,76.6013198218749
"5376",6285,78.4789832914645
"5377",6286,84.6181448343828
"5378",6287,84.6632767305693
"5379",6288,84.0820449762936
"5380",6289,78.9219634307244
"5381",6290,90.4378081302328
"5382",6291,88.8891643472823
"5383",6293,89.3669566161115
"5384",6294,82.0429499199447
"5385",6295,87.0330463783486
"5386",6296,87.8237078775323
"5387",6297,83.7415623267923
"5388",6298,83.9513393605409
"5389",6299,88.6619631454674
"5390",6300,79.600493273596
"5391",6301,87.8214021457734
"5392",6303,67.0448159372216
"5393",6304,85.3072334004381
"5394",6305,79.3909390472616
"5395",6306,80.715265714097
"5396",6308,84.4574270903041
"5397",6311,78.1657731280305
"5398",6312,85.124753339346
"5399",6313,82.2351003601112
"5400",6314,87.9184857398846
"5401",6315,88.7413064078736
"5402",6316,85.9829775333221
"5403",6318,87.2562827038193
"5404",6319,88.649873106374
"5405",6320,85.0191240303451
"5406",6321,87.2888392691711
"5407",6322,82.9066571637403
"5408",6323,78.181208359869
"5409",6324,90.7446585706007
"5410",6325,87.6900382486479
"5411",6326,80.0514245339741
"5412",6327,80.050080026757
"5413",6329,88.2957076951677
"5414",6330,87.9017316104392
"5415",6331,86.2488512434009
"5416",6332,91.3135864494858
"5417",6333,73.8927018519019
"5418",6334,88.4661559216722
"5419",6335,83.4491519412767
"5420",6337,85.8628636627446
"5421",6338,88.9947460447892
"5422",6339,79.4889686666405
"5423",6341,83.0045182423374
"5424",6344,85.1824997634641
"5425",6345,87.8844549735375
"5426",6346,85.0222218188579
"5427",6347,88.9696621036727
"5428",6348,84.6084609227639
"5429",6349,87.9189417693699
"5430",6350,86.9806201599708
"5431",6351,86.6882419081172
"5432",6352,85.633959929251
"5433",6356,84.2782609688669
"5434",6357,85.018743183305
"5435",6358,82.7742976389572
"5436",6365,42.5956806199099
"5437",6366,93.338971183081
"5438",6367,85.8799983921365
"5439",6368,79.8956816886258
"5440",6370,83.2793208867823
"5441",6371,81.6455995544426
"5442",6373,78.2110382347451
"5443",6374,87.7351586210858
"5444",6375,83.3850718992797
"5445",6376,88.0217696042349
"5446",6377,94.120754840604
"5447",6378,79.9332052928414
"5448",6379,89.4340710193683
"5449",6380,86.8402565261588
"5450",6382,88.4737322951424
"5451",6383,87.0254940930182
"5452",6385,83.425054670802
"5453",6386,87.1337422825322
"5454",6387,81.1409762495264
"5455",6390,90.374976477806
"5456",6392,83.8298190930705
"5457",6394,84.2316692137138
"5458",6395,85.2220908370162
"5459",6396,87.2931527379233
"5460",6398,84.8591699807088
"5461",6400,88.8697003800488
"5462",6401,88.3714640858372
"5463",6403,79.4778359772103
"5464",6404,86.8782510255797
"5465",6405,88.1231779076149
"5466",6406,80.6369619827431
"5467",6407,87.7438552516284
"5468",6409,81.9890023571454
"5469",6410,85.9984755746463
"5470",6412,86.6258891125778
"5471",6413,85.8590916940425
"5472",6414,90.3425056853133
"5473",6416,87.8222719036965
"5474",6419,87.7978745710385
"5475",6422,89.0025290146937
"5476",6423,86.9400675164155
"5477",6424,85.5247164420328
"5478",6425,90.6396751500192
"5479",6426,91.129464697566
"5480",6427,87.8560463757395
"5481",6428,81.4831892101576
"5482",6429,84.5971617906364
"5483",6430,82.5357086625712
"5484",6432,87.422242052724
"5485",6433,84.9973353180518
"5486",6436,81.1429626432332
"5487",6437,88.6655214814372
"5488",6440,87.6460779944231
"5489",6441,86.7840574237749
"5490",6442,86.5491273546805
"5491",6446,83.8457519430905
"5492",6448,81.1409754939969
"5493",6450,89.6515555168501
"5494",6451,85.0452161335429
"5495",6452,83.3557530609789
"5496",6453,86.6833895083682
"5497",6454,90.1016154868078
"5498",6455,88.6264183192142
"5499",6457,86.6671771261179
"5500",6458,87.041593520893
"5501",6459,88.004109126337
"5502",6460,85.8375005476833
"5503",6461,83.0786034449867
"5504",6462,89.0252988638101
"5505",6464,87.1265408889346
"5506",6466,87.4303563312839
"5507",6467,89.0287264522347
"5508",6468,89.2142058184456
"5509",6469,86.4229185251089
"5510",6470,86.3506680916328
"5511",6473,83.7012230377118
"5512",6475,85.7349420718136
"5513",6476,80.1053143940863
"5514",6477,82.4117382335999
"5515",6478,84.9988864310808
"5516",6480,86.285937449473
"5517",6481,86.6625508180467
"5518",6482,87.6845888306737
"5519",6483,86.0225116162572
"5520",6484,85.6320359825875
"5521",6485,87.4344572679001
"5522",6486,86.5503138433821
"5523",6488,86.925758723364
"5524",6493,84.9212016943974
"5525",6497,85.4646195482538
"5526",6498,80.6253763724299
"5527",6500,89.6558500368681
"5528",6502,75.7849933166263
"5529",6503,86.3399026996312
"5530",6505,87.3710578012851
"5531",6506,84.3238504718801
"5532",6508,82.0487342232869
"5533",6509,90.0631728535264
"5534",6510,84.8083824661828
"5535",6513,83.9454776907209
"5536",6516,83.7680826256044
"5537",6517,82.4564759945732
"5538",6518,85.9889013657855
"5539",6519,80.3793633063852
"5540",6521,87.0123089038796
"5541",6522,86.8225887016909
"5542",6524,86.9483360665787
"5543",6525,90.0008540325701
"5544",6526,91.3042351583112
"5545",6527,86.2122370251846
"5546",6528,84.2914651858574
"5547",6530,85.9807177458799
"5548",6531,84.6351378252203
"5549",6533,84.1817393657396
"5550",6534,81.6809940328567
"5551",6535,90.3283355213755
"5552",6536,87.1945529156982
"5553",6537,68.4185440439818
"5554",6538,88.1729904597444
"5555",6539,77.5061324581167
"5556",6541,84.9767811867408
"5557",6542,88.1543963709425
"5558",6544,87.6992034165361
"5559",6545,87.9756710768205
"5560",6547,81.686645228146
"5561",6548,84.7795479843818
"5562",6549,91.4982110644489
"5563",6550,90.6917078429114
"5564",6552,82.2336659363984
"5565",6554,83.3848441752758
"5566",6557,89.3583671754885
"5567",6558,87.0846456880317
"5568",6559,88.8294081848336
"5569",6560,85.6251966831609
"5570",6561,84.7023674535089
"5571",6562,84.4638389170289
"5572",6563,87.1488482861813
"5573",6564,87.5335869020687
"5574",6565,82.4701907179262
"5575",6566,83.2238860152964
"5576",6567,86.9198140014516
"5577",6568,89.2414046105354
"5578",6571,87.5973048142289
"5579",6572,89.2818016967886
"5580",6573,89.1910184111977
"5581",6574,82.7303993496565
"5582",6575,83.9842078564213
"5583",6576,86.0922546191831
"5584",6577,81.6046470887012
"5585",6578,85.4842634477904
"5586",6579,89.8201296689958
"5587",6581,83.9046602134067
"5588",6582,81.6878612330936
"5589",6583,69.5610833255157
"5590",6584,82.9841986427129
"5591",6586,90.4032043135042
"5592",6587,83.3091494024614
"5593",6588,82.5145829236693
"5594",6591,90.5832931717199
"5595",6592,86.9530257137632
"5596",6593,91.2563463825688
"5597",6595,85.2777430370883
"5598",6596,87.4742413137473
"5599",6597,81.0096902218434
"5600",6598,82.9732364176471
"5601",6599,94.2958356709549
"5602",6601,87.9601925093487
"5603",6602,86.5411888388888
"5604",6609,84.6249231224305
"5605",6610,88.2570734720034
"5606",6611,87.88020532501
"5607",6612,85.3129956245417
"5608",6613,85.1945918318023
"5609",6614,83.167307691678
"5610",6615,86.2543653464769
"5611",6616,90.5422499502565
"5612",6617,77.4010038017832
"5613",6618,80.7286144460171
"5614",6619,89.8698693448649
"5615",6620,82.6394312310252
"5616",6624,89.2270758908244
"5617",6625,87.1389571453852
"5618",6628,85.2103837576581
"5619",6629,84.0445574257267
"5620",6630,87.070381691286
"5621",6631,86.2729165048516
"5622",6635,83.2860524664615
"5623",6636,86.5873776679511
"5624",6638,89.2272581114476
"5625",6639,83.0269624365146
"5626",6641,88.0206792120327
"5627",6642,81.2236360938941
"5628",6643,89.4709858068157
"5629",6644,89.2282165420634
"5630",6645,70.837553164131
"5631",6646,88.0800793200448
"5632",6648,89.5948462235594
"5633",6649,90.9115256744865
"5634",6650,86.6629017288767
"5635",6651,83.1598264944105
"5636",6652,86.9270665908146
"5637",6653,81.6009185289872
"5638",6657,84.9342991231371
"5639",6658,84.5860021044704
"5640",6659,80.6112092183765
"5641",6660,88.9327420265525
"5642",6662,84.3817655400997
"5643",6663,86.4317543176451
"5644",6664,86.2620298779698
"5645",6665,88.3881227856954
"5646",6666,87.0544374511388
"5647",6667,86.0527186773921
"5648",6668,81.0052982845942
"5649",6669,88.3328623799278
"5650",6670,87.8774892814329
"5651",6671,85.5278922013123
"5652",6672,82.6670889039307
"5653",6676,86.6734472867919
"5654",6678,85.7098912446839
"5655",6679,81.7477087676156
"5656",6680,93.9983834939228
"5657",6682,93.6384136768754
"5658",6683,93.127621931348
"5659",6684,88.1931694575056
"5660",6686,84.9196803860544
"5661",6687,88.4371357181481
"5662",6689,78.6138092772366
"5663",6690,86.0464527055182
"5664",6692,87.2734200571466
"5665",6695,85.4032138577514
"5666",6696,90.2560387686779
"5667",6699,81.5379361366188
"5668",6700,86.8542123549211
"5669",6701,87.3921688164273
"5670",6702,87.3697282040402
"5671",6703,83.3794817840775
"5672",6705,91.0125317182139
"5673",6707,87.0737782058114
"5674",6708,79.6728288703024
"5675",6709,80.6695800403339
"5676",6710,83.7119656147786
"5677",6711,90.8935735813796
"5678",6713,81.6544262188127
"5679",6714,84.5266269688682
"5680",6718,87.7474717701479
"5681",6720,83.0395321462189
"5682",6721,76.3745029434744
"5683",6722,83.5020404323042
"5684",6723,85.6941924493783
"5685",6724,83.5034685450198
"5686",6725,88.6919402846589
"5687",6727,82.2331135376748
"5688",6730,80.4124442526179
"5689",6731,85.7882933283449
"5690",6732,87.4305915101132
"5691",6734,80.1895230674665
"5692",6735,88.2533452438531
"5693",6736,89.5863370518741
"5694",6740,89.9288458348263
"5695",6741,88.9566507357777
"5696",6743,87.7986054956033
"5697",6744,89.7573200495013
"5698",6745,86.1887498039992
"5699",6746,87.2623047257209
"5700",6747,82.7091269084364
"5701",6748,89.1498153166957
"5702",6749,82.5915670495083
"5703",6750,86.7490369452356
"5704",6751,83.6088472800392
"5705",6752,88.3272161193463
"5706",6753,78.8032404096219
"5707",6754,80.4904177782753
"5708",6755,79.3316724153812
"5709",6756,92.3562624661268
"5710",6757,88.9331421826525
"5711",6760,88.5958902838516
"5712",6761,86.7416927695723
"5713",6762,90.3390558211873
"5714",6763,86.5543394139787
"5715",6764,84.1577877962814
"5716",6765,87.2970873562932
"5717",6768,87.6728864392246
"5718",6769,91.1067226750078
"5719",6770,87.4776834138966
"5720",6771,88.8883608605272
"5721",6772,85.5233299600145
"5722",6773,84.5722091798478
"5723",6774,84.2265631642559
"5724",6775,93.4639034712066
"5725",6776,81.6766956528768
"5726",6777,90.7502510080365
"5727",6779,81.8432074518795
"5728",6780,70.4005051157405
"5729",6781,89.037664184096
"5730",6782,88.378952162176
"5731",6783,87.824019223594
"5732",6784,84.3948427664393
"5733",6785,86.2307268509066
"5734",6786,85.823222222078
"5735",6787,79.0498481785251
"5736",6788,89.9497687253653
"5737",6789,80.1612704507552
"5738",6790,68.5318755334199
"5739",6791,85.9525978545495
"5740",6792,81.4419460090457
"5741",6793,89.2065428868304
"5742",6794,89.125094602035
"5743",6795,85.2745008352807
"5744",6796,83.3874085712055
"5745",6797,84.5257417111587
"5746",6798,84.9520665935906
"5747",6800,84.6791433300666
"5748",6801,89.8856917312957
"5749",6802,86.863545139813
"5750",6803,85.0620021614661
"5751",6804,80.9090587093624
"5752",6805,83.4738672590625
"5753",6806,83.7771798423694
"5754",6807,88.612840488054
"5755",6808,76.109500348831
"5756",6809,87.8429259902458
"5757",6810,87.6497503981704
"5758",6811,86.0146895849914
"5759",6812,84.0867954483577
"5760",6813,85.4349528698362
"5761",6814,85.055872167463
"5762",6815,84.7550641908013
"5763",6816,83.4214710622341
"5764",6817,87.7073467935977
"5765",6818,92.515985362305
"5766",6820,89.2464891326772
"5767",6821,88.2665321053409
"5768",6825,83.5415164197939
"5769",6826,83.4996998853374
"5770",6828,87.9748505463271
"5771",6829,85.4280665044905
"5772",6832,81.4207359955543
"5773",6837,88.8091941886461
"5774",6839,82.9028500423948
"5775",6840,82.8662910940584
"5776",6841,85.2243028696796
"5777",6844,87.0682415714026
"5778",6848,86.5259520906027
"5779",6849,85.6782435186077
"5780",6850,84.4342730110234
"5781",6851,86.1567677148949
"5782",6852,90.5860810182792
"5783",6854,89.2760165805098
"5784",6856,85.265001174591
"5785",6857,75.7594391818148
"5786",6858,85.0062943821624
"5787",6859,86.2651331315839
"5788",6860,85.4848446032062
"5789",6862,86.0487490610984
"5790",6863,84.7816664339988
"5791",6864,85.9954755158277
"5792",6867,84.58545489005
"5793",6868,80.9219401722385
"5794",6869,91.0101761813956
"5795",6870,82.3741281847455
"5796",6871,89.952584841733
"5797",6872,87.5413423447414
"5798",6873,89.2730384550148
"5799",6874,81.8196188193231
"5800",6875,70.2623934923957
"5801",6879,84.4204552409926
"5802",6880,86.4760679627464
"5803",6881,86.7850261339796
"5804",6882,77.4731991415496
"5805",6883,87.8909462269255
"5806",6884,79.7716789282016
"5807",6885,89.7529998741604
"5808",6886,87.9827413513836
"5809",6887,90.4516238793611
"5810",6888,89.1593744907212
"5811",6889,88.2496894389823
"5812",6890,86.0528129990357
"5813",6892,82.5341347085382
"5814",6893,82.0628962482771
"5815",6895,90.2460382656486
"5816",6896,90.6202778834853
"5817",6898,87.8812705830953
"5818",6899,81.7091524178625
"5819",6900,79.9616721323183
"5820",6902,74.7935005082671
"5821",6909,84.2724773701604
"5822",6910,84.5404416648053
"5823",6918,87.8330629008099
"5824",6920,82.8321116047064
"5825",6921,87.9121267065302
"5826",6923,89.3428110408235
"5827",6927,85.0880622965268
"5828",6928,87.7153213413167
"5829",6932,74.922811731682
"5830",6934,48.0480308226986
"5831",6935,93.901153704601
"5832",6936,87.6336775022304
"5833",6939,89.3366183579695
"5834",6942,86.5762484815426
"5835",6944,88.7872022293602
"5836",6945,85.4381199027573
"5837",6946,86.4115284743677
"5838",6947,78.6468696772772
"5839",6948,82.2150440495935
"5840",6949,81.9632086382619
"5841",6950,86.3136661811127
"5842",6951,88.6415836590976
"5843",6952,86.9023414436139
"5844",6953,79.699669187436
"5845",6954,85.7129097328599
"5846",6957,86.4240487271479
"5847",6958,86.8779632942889
"5848",6959,82.5311517958872
"5849",6961,86.1969830166087
"5850",6963,80.284838671644
"5851",6964,83.0102630591211
"5852",6965,89.8443736337401
"5853",6966,83.947536319447
"5854",6967,86.1403820944705
"5855",6969,77.5480124342101
"5856",6970,82.2723490618566
"5857",6971,87.4214774087927
"5858",6973,85.867184853704
"5859",6974,82.0158301416401
"5860",6975,87.6005267124499
"5861",6976,87.138191850812
"5862",6977,85.7720104625513
"5863",6978,85.7126268299765
"5864",6979,75.5464073568147
"5865",6980,88.375559394358
"5866",6981,87.9726058104225
"5867",6982,87.7571980866009
"5868",6983,87.1700478474636
"5869",6984,83.1646448005281
"5870",6985,86.4333674396694
"5871",6986,77.9604714054375
"5872",6987,82.1192069679698
"5873",6988,87.8578102127933
"5874",6989,79.8488388633215
"5875",6990,81.0835577133664
"5876",6991,82.7961495992573
"5877",6992,85.2443524987716
"5878",6993,87.3604044117604
"5879",6994,84.3776515706152
"5880",6995,85.1602955764769
"5881",6996,80.1962971681544
"5882",6997,80.1456206863272
"5883",6998,86.4491489593314
"5884",6999,88.9571440338329
"5885",7000,84.3894277408813
"5886",7001,79.1645614316885
"5887",7002,65.4478921335993
"5888",7003,73.4900912273248
"5889",7004,86.1322572980827
"5890",7005,85.8908083413867
"5891",7006,86.8687778473027
"5892",7007,81.8452441238199
"5893",7008,89.6588329487981
"5894",7009,82.7058621271993
"5895",7010,88.9521257233673
"5896",7011,92.1550229114266
"5897",7012,87.0472630740632
"5898",7013,83.5497757799556
"5899",7014,82.6548436705927
"5900",7015,90.2699292580245
"5901",7016,84.1291648642415
"5902",7017,86.4371671353662
"5903",7018,84.3025474863771
"5904",7019,83.8348541057875
"5905",7020,83.3778168176402
"5906",7021,84.2680248260189
"5907",7022,78.8528935475758
"5908",7023,85.1402065721605
"5909",7024,92.1593943346028
"5910",7025,82.0922887441792
"5911",7026,86.6182872623124
"5912",7027,77.7113179405169
"5913",7028,83.7928976420233
"5914",7029,88.6051541554488
"5915",7030,84.4819490174553
"5916",7031,88.4913338383444
"5917",7032,83.3274626926016
"5918",7033,85.6547212045044
"5919",7034,88.9158343612147
"5920",7035,83.4659917172145
"5921",7036,89.2039790741983
"5922",7037,93.2899054953139
"5923",7038,87.2778310956128
"5924",7039,86.043514626197
"5925",7040,81.5917888687723
"5926",7041,79.3962964168239
"5927",7042,82.9486140814918
"5928",7043,86.3366127294844
"5929",7044,86.3510694704447
"5930",7045,90.0644667555618
"5931",7046,83.7571104274484
"5932",7047,85.2955603080432
"5933",7048,85.4805846473527
"5934",7049,85.0592456513711
"5935",7050,88.27756150993
"5936",7051,87.3346458875229
"5937",7054,89.1948728957167
"5938",7055,85.3947642463529
"5939",7056,83.9715245566713
"5940",7057,89.4680779168434
"5941",7058,79.9037001303946
"5942",7059,85.190701938017
"5943",7060,87.2149561145553
"5944",7061,86.2692712207538
"5945",7062,87.3280812207368
"5946",7063,86.7697357962468
"5947",7064,82.3077020451306
"5948",7065,87.9510749335086
"5949",7066,86.7134409070513
"5950",7067,83.792845267645
"5951",7068,86.1346522640034
"5952",7069,88.3221557900622
"5953",7070,80.1020793985094
"5954",7071,88.2429916485904
"5955",7072,81.2429385367698
"5956",7073,81.5658288232977
"5957",7074,87.8190935288813
"5958",7075,85.5148814953981
"5959",7076,79.3158612567441
"5960",7078,84.36964125171
"5961",7079,83.9779717688864
"5962",7080,87.3941915567384
"5963",7081,86.287348465978
"5964",7082,82.7059934440451
"5965",7083,81.940536011732
"5966",7084,83.6353812042227
"5967",7085,86.0762595734085
"5968",7086,85.8534000047681
"5969",7087,86.5907243461882
"5970",7088,87.1216546209064
"5971",7089,87.8916292536668
"5972",7090,70.3120940251793
"5973",7091,90.7740740325079
"5974",7092,88.1626304280366
"5975",7093,85.3409853780998
"5976",7094,85.1953103050095
"5977",7095,88.6708726877673
"5978",7096,86.829865602343
"5979",7099,82.7422635971931
"5980",7101,86.004581202039
"5981",7102,87.2554025442243
"5982",7103,85.5086774463957
"5983",7104,83.8271417453002
"5984",7107,86.4781097151481
"5985",7108,77.4469022712709
"5986",7109,86.2066645200108
"5987",7111,86.2838390370186
"5988",7114,85.3791128828639
"5989",7115,87.213704324994
"5990",7116,85.7357706765115
"5991",7117,86.2856352091848
"5992",7118,81.7953077645411
"5993",7119,88.8191579796834
"5994",7121,87.9334474032329
"5995",7122,88.0863481249707
"5996",7123,85.4987563900279
"5997",7124,86.3293286661889
"5998",7125,88.0085001604893
"5999",7126,87.9572748771313
"6000",7127,72.7172038638814
"6001",7128,72.540579392859
"6002",7130,89.7040876255079
"6003",7131,89.270951089276
"6004",7132,90.1943943309669
"6005",7133,83.1802052257054
"6006",7134,82.5671977177525
"6007",7135,86.0212505907589
"6008",7136,87.6536996612297
"6009",7137,82.682160664157
"6010",7139,84.5069066543053
"6011",7141,90.6702161731197
"6012",7142,90.906024771659
"6013",7143,71.4920031563243
"6014",7147,78.467175865183
"6015",7148,88.0197693308235
"6016",7149,86.8571656902604
"6017",7150,85.6674531604978
"6018",7151,83.3233125410192
"6019",7152,87.0943699524699
"6020",7153,76.5158431548185
"6021",7154,88.8404275883449
"6022",7155,89.0702376472421
"6023",7156,87.890404205707
"6024",7157,89.336683744757
"6025",7158,83.2490021520079
"6026",7160,86.4767470753581
"6027",7161,89.6412455861391
"6028",7162,85.725224123837
"6029",7163,70.7964403200855
"6030",7164,94.5150493654316
"6031",7165,91.0764626168547
"6032",7167,83.5781576469885
"6033",7168,88.7182356866234
"6034",7169,89.8212139695768
"6035",7171,87.3841195288113
"6036",7172,91.1312469043286
"6037",7173,87.3519446198836
"6038",7174,87.8037438673057
"6039",7175,86.5082702251808
"6040",7177,88.8812504248575
"6041",7178,86.2060378186217
"6042",7179,88.0862070705079
"6043",7181,88.2704409161857
"6044",7183,87.8619725147908
"6045",7185,85.8368387044538
"6046",7189,88.6237466192143
"6047",7190,92.0728930969147
"6048",7191,87.5191834137867
"6049",7193,87.2921306980257
"6050",7194,88.1935959377145
"6051",7195,86.6495530333991
"6052",7198,88.6812371937826
"6053",7199,85.3756979183764
"6054",7201,85.8525421991272
"6055",7202,87.2126212495956
"6056",7205,86.913116850339
"6057",7206,83.410456819209
"6058",7207,87.7153194425697
"6059",7208,87.1385129497957
"6060",7209,83.3807841256955
"6061",7210,85.1297325505708
"6062",7211,87.4475332090981
"6063",7212,87.5841402095114
"6064",7215,81.085811980351
"6065",7216,84.555332192626
"6066",7217,82.9542876991819
"6067",7218,83.8267904446143
"6068",7219,84.1302452005947
"6069",7220,83.9068950162575
"6070",7221,90.3298099322731
"6071",7222,86.3211484255592
"6072",7223,84.0781109732159
"6073",7224,88.0924782925652
"6074",7225,86.3366856161254
"6075",7226,84.4997664696101
"6076",7227,87.2858996030177
"6077",7228,82.1280649684718
"6078",7229,82.5576489733989
"6079",7234,86.6251638598275
"6080",7235,87.9955138194917
"6081",7236,80.8624730480204
"6082",7237,86.4621658846109
"6083",7238,87.2641706591029
"6084",7239,87.5333407473992
"6085",7241,89.0335051540445
"6086",7243,81.5392175282631
"6087",7247,87.680881424322
"6088",7249,86.5448530329928
"6089",7250,85.1062999222191
"6090",7252,74.0903339809096
"6091",7253,81.5024846186356
"6092",7254,69.0928191443941
"6093",7255,88.024424114221
"6094",7256,84.4151266710711
"6095",7257,83.1431656526938
"6096",7258,86.4001006775505
"6097",7259,89.2992215862348
"6098",7260,89.9746706802436
"6099",7261,86.1419491763723
"6100",7262,89.4355294190806
"6101",7263,88.2099141145718
"6102",7265,89.0252192296778
"6103",7266,84.3664906927676
"6104",7272,87.1451795194807
"6105",7275,83.8375562275468
"6106",7280,91.0955223397721
"6107",7281,93.1212250328441
"6108",7283,88.1317006475927
"6109",7284,84.0961291231172
"6110",7285,88.7378384477464
"6111",7286,85.9028868665646
"6112",7292,83.7123749259205
"6113",7293,89.3487588399047
"6114",7294,87.284549940931
"6115",7297,85.6478479466809
"6116",7299,85.9498798930807
"6117",7300,80.8896812194899
"6118",7301,90.004080732959
"6119",7302,75.4561542757159
"6120",7303,89.8653116098147
"6121",7304,88.260249038128
"6122",7305,84.615296807114
"6123",7306,83.7905530616601
"6124",7307,84.5449561726543
"6125",7308,89.9564642247876
"6126",7310,84.877838658191
"6127",7311,80.2410420610354
"6128",7313,81.3837632644239
"6129",7314,79.235486268523
"6130",7315,87.8960949704379
"6131",7316,86.3474365537279
"6132",7317,92.1908076993187
"6133",7318,82.6491230388652
"6134",7319,87.9431733173741
"6135",7320,89.151545768548
"6136",7321,87.5072032972603
"6137",7323,88.1526773328787
"6138",7324,78.7451794420655
"6139",7325,87.5458366292118
"6140",7326,86.0412111603357
"6141",7327,87.550818025659
"6142",7328,89.2624717115454
"6143",7333,85.3417082713192
"6144",7334,88.1090809346322
"6145",7335,87.7014852221197
"6146",7338,86.7953032453829
"6147",7340,89.4792623361747
"6148",7341,88.5211139765881
"6149",7345,87.5696706711803
"6150",7346,89.4592383171193
"6151",7347,83.2138894476547
"6152",7348,77.9414370717769
"6153",7349,90.2890322402232
"6154",7352,87.8981466583276
"6155",7353,87.5896258451663
"6156",7354,84.5697027047951
"6157",7355,87.989148513201
"6158",7357,88.8353566303747
"6159",7359,85.5236980961513
"6160",7360,80.6987642751292
"6161",7361,72.1754161795284
"6162",7362,86.18955766687
"6163",7364,86.2040165160129
"6164",7365,86.0855507264521
"6165",7366,92.1064420020988
"6166",7367,89.1107182691705
"6167",7369,86.3926305251086
"6168",7371,78.5984673775951
"6169",7372,82.7221211226341
"6170",7373,79.6813373012287
"6171",7374,88.7783803544639
"6172",7375,90.7384113586666
"6173",7376,85.5677810257326
"6174",7377,84.0772528165444
"6175",7378,87.1167890473098
"6176",7379,85.3685219263976
"6177",7380,88.2786555658183
"6178",7381,87.2387981722758
"6179",7382,79.736536369012
"6180",7383,82.7455873931742
"6181",7384,91.1075370180311
"6182",7385,89.1993222814148
"6183",7386,73.51413416102
"6184",7387,82.6466782978232
"6185",7388,78.0048955143775
"6186",7389,78.8599967553214
"6187",7391,85.2539868755438
"6188",7394,85.5418753172628
"6189",7395,86.5436469681437
"6190",7396,86.0440795941977
"6191",7402,88.1565489226713
"6192",7405,87.9559555662271
"6193",7406,78.8553600237681
"6194",7410,88.129897068852
"6195",7414,82.0743386645218
"6196",7415,83.0959536903673
"6197",7416,84.1049652328815
"6198",7417,89.185920416448
"6199",7419,82.1347818376482
"6200",7420,84.1937038047785
"6201",7437,89.6395288697699
"6202",7438,80.3408556671584
"6203",7439,87.1638854149255
"6204",7440,87.5168927154206
"6205",7442,90.0328305201393
"6206",7444,89.6133608948027
"6207",7445,81.0750724634842
"6208",7448,87.698206604187
"6209",7449,84.1112158022512
"6210",7450,90.9367294479568
"6211",7451,91.2053125215599
"6212",7453,91.3497358042064
"6213",7454,86.5279917137382
"6214",7456,90.7802859433305
"6215",7457,86.076296989827
"6216",7458,77.4639761547452
"6217",7459,89.1233497078247
"6218",7460,85.1195666755759
"6219",7474,87.284709726231
"6220",7478,78.6178467697083
"6221",7480,85.3857285170236
"6222",7481,63.8608288765617
"6223",7482,75.2144105689851
"6224",7484,80.995722857015
"6225",7485,87.9584748269408
"6226",7486,90.7085581799411
"6227",7487,87.5848938029713
"6228",7489,90.4028512623055
"6229",7492,88.7085997601837
"6230",7493,84.1889460636078
"6231",7505,84.6367992633898
"6232",7523,84.7929927553017
"6233",7541,85.7112690415976
"6234",7560,82.6465524129148
"6235",7561,83.7091076360145
"6236",7562,84.6222111406017
"6237",7564,86.1946436033633
"6238",7566,84.5703773879795
"6239",7569,89.7108718755168
"6240",7570,94.0405005019813
"6241",7572,82.8463843071289
"6242",7573,93.6172776973311
"6243",7574,87.6668446549106
"6244",7577,89.296842233877
"6245",7578,90.9657420458571
"6246",7579,89.9592629637418
"6247",7580,82.4797092751885
"6248",7581,83.57761841796
"6249",7584,83.1030842507756
"6250",7585,91.0750912146363
"6251",7586,86.0253180755758
"6252",7587,85.0921078586457
"6253",7613,83.801661530455
"6254",7614,87.3425195674648
"6255",7615,92.4606084973395
"6256",7616,88.6662903058023
"6257",7617,82.9933354165993
"6258",7618,82.3579634071295
"6259",7619,86.7874227696749
"6260",7620,78.2543545981024
"6261",7624,88.5289220140218
"6262",7626,86.8126348204297
"6263",7636,86.9945032161469
"6264",7637,88.8938311763117
"6265",7646,86.529118688054
"6266",7647,84.485600780506
"6267",7649,79.6931635321603
"6268",7650,88.6471823505109
"6269",7669,90.0893309103794
"6270",7675,88.476675716231
"6271",7697,79.7361816148824
"6272",7698,79.4281930529806
"6273",7700,87.3568034100385
"6274",7701,87.0544234296971
"6275",7702,84.3761464871293
"6276",7704,84.4803986210888
"6277",7705,87.1140700459551
"6278",7706,85.8783715130095
"6279",7707,85.772498955566
"6280",7708,87.5697713884416
"6281",7713,86.5962694218564
"6282",7714,86.2083385457894
"6283",7716,83.0557515452992
"6284",7720,79.4822550839434
"6285",7724,82.7667009625889
"6286",7725,81.9626374906717
"6287",7727,84.4129871589459
"6288",7728,86.4617198486841
"6289",7730,87.8565310061309
"6290",7742,86.0483984965888
"6291",7743,76.7410696541284
"6292",7745,81.9494362692592
"6293",7748,83.542310518332
"6294",7749,84.374579955818
"6295",7753,86.3337888715765
"6296",7756,89.7593563835156
"6297",7757,77.3197569262712
"6298",7759,85.8036109387471
"6299",7762,84.6405917829872
"6300",7763,90.1886617043026
"6301",7766,88.0908625543012
"6302",7767,88.3878660300862
"6303",7770,88.5242944243649
"6304",7771,82.6023479805651
"6305",7773,77.6930717810551
"6306",7781,83.2726922658947
"6307",7782,84.6859303234758
"6308",7784,73.7443477866204
"6309",7785,93.5480451806364
"6310",7786,86.5288369593633
"6311",7787,83.6299085508729
"6312",7789,94.5093398516492
"6313",7790,84.3540701080189
"6314",7791,83.1946079494286
"6315",7792,82.3882802887571
"6316",7802,76.4664973157329
"6317",7809,85.4300262139431
"6318",7810,81.4746515270327
"6319",7811,78.5181964301787
"6320",7812,74.6409495880994
"6321",7815,87.7239596077372
"6322",7817,82.9128017213492
"6323",7818,90.3362298451507
"6324",7820,87.3163064955651
"6325",7822,88.3934810538096
"6326",7826,78.7769087635644
"6327",7827,66.1540395742367
"6328",7831,87.4558226134818
"6329",7832,86.7931794179011
"6330",7833,89.1006082027156
"6331",7834,87.7957614900406
"6332",7835,89.6969939244632
"6333",7836,79.9193034044484
"6334",7840,85.1373119469376
"6335",7841,73.4868758401548
"6336",7842,76.374672663681
"6337",7843,87.5228760353687
"6338",7844,82.7411983165027
"6339",7845,86.575284460739
"6340",7846,85.940155326752
"6341",7847,77.1731728898375
"6342",7879,86.5263643706982
"6343",7881,92.3826382498969
"6344",7883,92.3974356513204
"6345",7884,88.442477355082
"6346",7888,83.8672352590382
"6347",7889,82.9998828307569
"6348",7891,86.9443289970652
"6349",7892,85.575310396078
"6350",7894,84.3558716320063
"6351",7895,88.0897961027162
"6352",7896,87.443050846839
"6353",7897,85.171098355403
"6354",7898,88.9004186047278
"6355",7899,80.6876559808433
"6356",7914,91.9685526370645
"6357",7915,85.9768774830584
"6358",7916,93.4835983628283
"6359",7918,84.6008007447759
"6360",7919,90.0111345190486
"6361",7920,87.3584042045504
"6362",7923,86.9892211784612
"6363",7924,86.1181295010978
"6364",7925,80.1998150631155
"6365",7926,88.0634424086151
"6366",7930,87.7048149655202
"6367",7932,84.4784038412104
"6368",7933,92.5076518635271
"6369",7934,83.3949146760624
"6370",7936,89.6521631188614
"6371",7937,90.0869580999233
"6372",7938,84.3048032314105
"6373",7939,87.6385561926104
"6374",7940,88.8422328850501
"6375",7941,89.2724693054203
"6376",7942,89.4173294381245
"6377",7943,80.9503560209234
"6378",7944,88.9061414635317
"6379",7947,87.386075604097
"6380",7949,83.194630922936
"6381",7951,85.0318207665781
"6382",7959,89.3691966999704
"6383",7976,92.5118364681067
"6384",7979,84.2110576007806
"6385",7980,82.6804414183016
"6386",7981,73.206440656171
"6387",7982,85.016604866552
"6388",7983,83.2199804915331
"6389",7984,83.6139087634161
"6390",7986,74.5470358898837
"6391",7987,90.7071774809277
"6392",7988,81.0643849460352
"6393",7990,89.000839487741
"6394",7991,83.1923775439234
"6395",7993,86.1748764609643
"6396",8007,88.0287720075828
"6397",8008,84.3081442680176
"6398",8010,83.4970587286635
"6399",8011,87.9743973655346
"6400",8012,83.8483462432913
"6401",8013,90.557776505455
"6402",8014,80.2724932221212
"6403",8015,87.0691125421103
"6404",8016,83.3206391829343
"6405",8017,86.4548297770756
"6406",8019,88.0215085157737
"6407",8024,83.5885357223516
"6408",8025,87.5115162466724
"6409",8033,82.4362755137179
"6410",8035,87.6005749501346
"6411",8039,79.534183509294
"6412",8040,87.0156840332627
"6413",8042,84.4325103411322
"6414",8043,86.8487708233384
"6415",8044,82.5327702626531
"6416",8045,87.4200504149713
"6417",8056,84.983494350404
"6418",8057,86.4997649000914
"6419",8062,90.3261727342353
"6420",8063,86.6484579460172
"6421",8092,82.1556698060842
"6422",8093,78.0443837813742
"6423",8094,80.3688605376088
"6424",8117,83.3913302019646
"6425",8118,83.8133154653279
"6426",8119,81.7045183914512
"6427",8121,85.6688500816379
"6428",8123,80.135727403465
"6429",8125,85.5402027738597
"6430",8126,86.3170358720187
"6431",8127,74.0074543543489
"6432",8128,89.5150551240425
"6433",8129,86.5418602056174
"6434",8130,80.0501495306931
"6435",8131,83.8372460614394
"6436",8132,79.6109702454244
"6437",8133,89.5308576654161
"6438",8134,71.755203486313
"6439",8142,89.792548581344
"6440",8143,85.7499754982965
"6441",8147,78.2371757300141
"6442",8153,78.5688489274443
"6443",8154,84.3077439076282
"6444",8157,79.4015924395343
"6445",8158,78.1689365538996
"6446",8167,82.3191500363971
"6447",8169,77.8741342887048
"6448",8183,85.8698863193886
"6449",8188,83.5357060360078
"6450",8189,90.0188868739665
"6451",8190,81.640730615924
"6452",8191,84.4050347415176
"6453",8194,89.767930331328
"6454",8195,88.1425888413941
"6455",8196,91.6853808636595
"6456",8197,86.8226056375934
"6457",8199,86.8608045667233
"6458",8201,87.5534962096409
"6459",8206,83.5779994979632
"6460",8207,78.5667591284587
"6461",8208,80.6619233914447
"6462",8221,84.5240926803823
"6463",8222,86.9662831232619
"6464",8225,86.3545095131462
"6465",8227,87.8504304832014
"6466",8228,84.3532091545534
"6467",8235,81.3287110031345
"6468",8238,88.2813651573912
"6469",8239,88.5292436234109
"6470",8241,82.0789622278294
"6471",8253,86.1857547741771
"6472",8254,83.9093504381637
"6473",8256,88.5698117022895
"6474",8257,84.5948134586956
"6475",8258,88.5408364059769
"6476",8259,79.3355608028234
"6477",8260,83.5381351651923
"6478",8261,85.0052482476789
"6479",8263,89.1397455594545
"6480",8264,87.4620044996348
"6481",8265,87.8889406751388
"6482",8266,85.4140544355547
"6483",8268,83.1877845148336
"6484",8270,81.8687587080539
"6485",8272,82.5439982701083
"6486",8273,90.9164241839303
"6487",8275,88.0278413810379
"6488",8290,80.6143188258419
"6489",8291,84.8518217090356
"6490",8295,77.4594818293277
"6491",8302,89.918822546594
"6492",8327,82.9299123744765
"6493",8330,86.1170530640491
"6494",8331,87.8207751869557
"6495",8332,86.6393109573576
"6496",8334,85.6940987924325
"6497",8336,91.1312860792838
"6498",8337,85.2819460775326
"6499",8338,86.1565562507308
"6500",8340,79.8765948128958
"6501",8341,82.6047737478344
"6502",8360,86.5512128880185
"6503",8361,76.2767810599467
"6504",8362,90.8657253780401
"6505",8363,89.5095590087439
"6506",8364,80.9481610083173
"6507",8365,88.5239057758476
"6508",8366,90.7331639762948
"6509",8367,86.3371328779073
"6510",8368,94.9008726367524
"6511",8369,83.2190762522825
"6512",8370,82.8305661072326
"6513",8371,67.8844894025713
"6514",8372,88.2437111885364
"6515",8373,84.2999638168453
"6516",8375,85.8745502184877
"6517",8376,86.6111384183764
"6518",8377,88.0610486327801
"6519",8378,76.5748293980999
"6520",8379,82.8655930431565
"6521",8380,87.7873681915104
"6522",8382,89.0047023801517
"6523",8383,86.7094583847087
"6524",8385,88.7593859994251
"6525",8387,86.3431019467419
"6526",8391,87.5138612161313
"6527",8395,84.0671883752831
"6528",8400,89.2032972857125
"6529",8401,84.5440529561133
"6530",8404,82.2384760173687
"6531",8405,89.9429408992483
"6532",8410,86.6165580449243
"6533",8425,85.4378313169479
"6534",8426,85.8335686033095
"6535",8446,85.7057334080999
"6536",8447,78.6720487615266
"6537",8451,82.4981801012578
"6538",8456,88.9946331554981
"6539",8459,88.3817930473303
"6540",8460,84.9907871856908
"6541",8463,89.3674176573018
"6542",8464,84.8220003807189
"6543",8477,79.2508174591881
"6544",8481,89.9639784732171
"6545",8482,83.465720122378
"6546",8485,80.8153799329664
"6547",8487,85.0209599963641
"6548",8491,85.8802774801964
"6549",8492,79.533088848325
"6550",8493,84.6966935544246
"6551",8494,84.805489595446
"6552",8495,86.6577840619262
"6553",8496,87.7933554113393
"6554",8499,91.52621558543
"6555",8501,82.0803793574249
"6556",8502,83.4761570676882
"6557",8503,86.9627550308416
"6558",8504,85.1638595942315
"6559",8505,90.4451476202048
"6560",8507,82.9848825636235
"6561",8511,89.6528077161064
"6562",8512,86.2495078126915
"6563",8516,83.9093981350151
"6564",8520,84.1923314272347
"6565",8521,83.8085734817617
"6566",8522,90.8465297230823
"6567",8525,88.5380127305074
"6568",8526,83.2141847852478
"6569",8527,83.6511935729341
"6570",8528,88.8441729950383
"6571",8529,80.3254587540191
"6572",8530,83.3782304682697
"6573",8531,88.6545216794659
"6574",8532,85.603396535499
"6575",8533,85.5373813444175
"6576",8534,84.1897229698489
"6577",8535,89.6805931393187
"6578",8537,79.4835772915706
"6579",8542,88.3251477784566
"6580",8543,87.0726002908792
"6581",8571,88.0477110309427
"6582",8573,83.2168107966686
"6583",8574,88.8715303401336
"6584",8575,85.230671698518
"6585",8576,84.352163730419
"6586",8578,84.1340869032982
"6587",8579,87.6970962309612
"6588",8581,69.0019913922727
"6589",8582,84.4107370355147
"6590",8584,86.0829749537647
"6591",8585,87.2674811672341
"6592",8587,86.1165033815444
"6593",8588,90.9171748935423
"6594",8589,84.3451711203693
"6595",8591,71.8021438386231
"6596",8593,87.3896167722598
"6597",8595,88.8351206745927
"6598",8596,85.3551086378426
"6599",8598,79.1975067370596
"6600",8600,85.387236655063
"6601",8601,90.6548501061078
"6602",8602,86.5339993320475
"6603",8604,83.5483011749899
"6604",8605,84.2286916231149
"6605",8607,86.3868903502031
"6606",8608,89.2968264275175
"6607",8609,85.7164471020847
"6608",8610,85.0078819724514
"6609",8611,86.8667541986007
"6610",8612,88.3670543767594
"6611",8614,88.8934786944062
"6612",8616,90.2194786097087
"6613",8617,88.4328992039799
"6614",8618,90.4796398252382
"6615",8620,85.9913045940366
"6616",8622,95.9416825228585
"6617",8623,82.9488795666841
"6618",8629,80.533317310417
"6619",8631,85.8000954079485
"6620",8633,70.6342773967405
"6621",8634,85.4752117264715
"6622",8636,75.8085806437324
"6623",8638,82.0469381033788
"6624",8639,85.0071417119258
"6625",8640,86.1711723810773
"6626",8641,85.3330276720502
"6627",8642,90.8236816807395
"6628",8643,91.2659583966595
"6629",8644,54.0975387023447
"6630",8645,91.3801649166036
"6631",8650,87.0543160228443
"6632",8651,82.8353715305023
"6633",8656,85.3332877761637
"6634",8657,87.1691315508875
"6635",8661,80.6951163626437
"6636",8662,86.310395054009
"6637",8665,85.8607290972796
"6638",8666,87.8745223237821
"6639",8667,88.9295290893722
"6640",8670,85.6031592280353
"6641",8675,92.607452391471
"6642",8676,80.8408934630017
"6643",8684,88.5810970202715
"6644",8689,83.5438520248629
"6645",8690,81.1352264547726
"6646",8695,88.6998231257456
"6647",8698,86.2941169168588
"6648",8700,90.2014871423249
"6649",8701,86.9885735994071
"6650",8709,87.4003073643397
"6651",8710,85.0555702622241
"6652",8711,83.1400005967153
"6653",8712,86.1155944976317
"6654",8713,87.6441300558453
"6655",8718,85.1439519585734
"6656",8720,84.9785743559933
"6657",8722,83.0829888248707
"6658",8724,88.6736414094262
"6659",8725,87.5328751778328
"6660",8726,84.6036886002644
"6661",8727,92.2636468615023
"6662",8730,84.8235753462339
"6663",8731,86.8382457908082
"6664",8732,86.5664249881363
"6665",8733,85.7788086110873
"6666",8738,86.0350457962298
"6667",8739,91.8691139501491
"6668",8740,89.8388017648145
"6669",8751,88.4403976507025
"6670",8752,85.3781599944683
"6671",8753,87.946462393501
"6672",8754,88.8223874190095
"6673",8755,87.3513566042688
"6674",8760,86.8969331174445
"6675",8761,88.8547971709461
"6676",8765,82.9759657713332
"6677",8767,81.2934645955639
"6678",8768,84.1956004783692
"6679",8772,87.5171905023841
"6680",8773,86.0774246331106
"6681",8778,89.1303146592694
"6682",8779,90.9224762183146
"6683",8781,81.966909998661
"6684",8782,83.7424326929971
"6685",8783,75.6419327615912
"6686",8784,79.7643030239499
"6687",8785,89.5126071405227
"6688",8786,88.8414906864912
"6689",8787,85.8809015474102
"6690",8795,79.426111543077
"6691",8796,85.1921747436811
"6692",8797,88.2981512473031
"6693",8798,75.9068930191587
"6694",8799,86.8335836357594
"6695",8800,74.5388869540969
"6696",8805,80.7908513240657
"6697",8807,88.7689278026171
"6698",8808,91.5346259932772
"6699",8809,85.0087907379802
"6700",8810,79.3315414453312
"6701",8811,84.4629152175262
"6702",8813,89.0551975395265
"6703",8814,88.8486884869811
"6704",8815,86.3654755297207
"6705",8823,87.2241000163441
"6706",8826,91.1692399462133
"6707",8827,82.9969998913819
"6708",8830,88.1070729292353
"6709",8831,84.0370136058091
"6710",8832,78.9231269350831
"6711",8833,89.0383897562228
"6712",8835,86.0128394835166
"6713",8836,84.8451036072907
"6714",8838,86.1478575150495
"6715",8839,87.2959176118312
"6716",8840,85.1324110810453
"6717",8841,87.1515263888922
"6718",8844,90.5907654755818
"6719",8846,83.2951782576499
"6720",8848,86.6838834538054
"6721",8849,84.4762570780323
"6722",8850,85.6714881021351
"6723",8851,89.3206837899444
"6724",8852,83.0384193088137
"6725",8854,90.9523698545555
"6726",8855,86.0203167902749
"6727",8859,80.7346389894167
"6728",8860,84.234092059607
"6729",8861,87.3472086991269
"6730",8862,83.2558897848724
"6731",8864,88.8442286065244
"6732",8865,69.7536083508989
"6733",8866,89.2375783775107
"6734",8868,90.8836364262116
"6735",8869,91.7475272409042
"6736",8870,79.8038295658346
"6737",8871,83.0612965229997
"6738",8872,89.2981653774806
"6739",8873,88.7517854819836
"6740",8874,82.6940226581299
"6741",8875,88.1838614523594
"6742",8879,82.9625621019319
"6743",8880,84.0730337935693
"6744",8882,86.9869546614895
"6745",8885,86.3721752807529
"6746",8886,84.5323904527071
"6747",8893,89.9461975468676
"6748",8894,85.5402532549087
"6749",8899,82.7687924403257
"6750",8900,86.7800910875356
"6751",8903,83.785033144303
"6752",8905,81.6556141284101
"6753",8906,92.6546015958292
"6754",8907,94.0715299558211
"6755",8908,84.4836199678986
"6756",8910,80.8548229932855
"6757",8911,92.2764596991962
"6758",8912,89.2730193266623
"6759",8913,83.5075715505938
"6760",8914,68.7398000184831
"6761",8915,89.3082174249641
"6762",8916,89.6941096018924
"6763",8917,85.9863540371121
"6764",8918,87.7234257483752
"6765",8919,80.8496642709372
"6766",8920,85.4376541526496
"6767",8921,88.2917504117914
"6768",8923,86.4942847153009
"6769",8924,90.2944550685128
"6770",8927,84.1829182790922
"6771",8928,87.8484694842333
"6772",8929,87.7741101303349
"6773",8930,84.179007086297
"6774",8931,84.3142228864796
"6775",8932,86.0878496880512
"6776",8933,88.3003141100911
"6777",8934,87.5145920256451
"6778",8937,85.4694646531185
"6779",8938,86.9396174659813
"6780",8939,66.5431340616638
"6781",8941,86.9287111074728
"6782",8943,85.1053657907272
"6783",8946,88.6068351412266
"6784",8947,87.7798135380546
"6785",8948,87.4084263204289
"6786",8949,86.8839853120378
"6787",8950,78.7080354411281
"6788",8951,93.0390208665332
"6789",8955,82.9521664487033
"6790",8956,84.7580395664243
"6791",8957,79.8162909618915
"6792",8958,84.0877889104657
"6793",8959,85.8212811056617
"6794",8961,83.1202229306824
"6795",8963,82.9685196522952
"6796",8965,89.0849184483481
"6797",8966,86.3348802599725
"6798",8967,87.5162772752643
"6799",8968,87.1250496440153
"6800",8969,90.1938767690804
"6801",8970,89.1154266559759
"6802",8972,86.4943493436822
"6803",8973,89.8686397188404
"6804",8974,86.9925550488589
"6805",8977,82.7402464032859
"6806",8978,88.9257232848757
"6807",8979,85.4234024810838
"6808",8980,89.9662810907175
"6809",8981,85.7472476436145
"6810",8982,79.335046589105
"6811",8983,71.6375952585386
"6812",8984,84.1343344837863
"6813",8985,85.4497812440395
"6814",8986,81.467268829729
"6815",8987,93.8398042038556
"6816",8988,81.341885748282
"6817",8989,87.8286767239072
"6818",8994,86.1779025014137
"6819",8998,82.7858434709983
"6820",8999,86.7113598518068
"6821",9000,90.9180352288205
"6822",9001,82.7891117898338
"6823",9002,80.2908680374481
"6824",9005,70.6019472775617
"6825",9010,81.3710592955714
"6826",9011,85.5262422931727
"6827",9013,79.2292479273485
"6828",9018,92.2561299312066
"6829",25738,85.9678186023647
"6830",25746,89.6645164804718
"6831",25750,85.1972610985271
"6832",25752,84.2112415644667
"6833",25753,82.211037057904
"6834",25755,87.5382945096106
"6835",25757,88.9497651519942
"6836",25763,88.2682681313559
"6837",25764,85.7624120200004
"6838",25766,87.8571282376223
"6839",25769,82.4004421751233
"6840",25771,84.285044780356
"6841",25773,87.4426377250695
"6842",25774,87.6567386443598
"6843",25777,93.7878291612877
"6844",25788,86.2752792940858
"6845",25793,86.0231760759488
"6846",25795,92.2756625904411
"6847",25805,86.190890365173
"6848",25825,86.7376051480805
"6849",25826,85.3436391553549
"6850",25827,86.0581221471456
"6851",25828,86.9786382718111
"6852",25833,85.1394690033804
"6853",25834,84.3182606403912
"6854",25835,86.4207975858201
"6855",25839,88.9939296702193
"6856",25841,84.9405462741052
"6857",25850,87.0561182367356
"6858",25855,87.4966411615525
"6859",25856,84.2248037191946
"6860",25865,86.6122797189355
"6861",25866,85.747942530762
"6862",25868,87.2175677634183
"6863",25870,83.3893026982777
"6864",25886,84.0645617147979
"6865",25891,84.3825451350239
"6866",25893,87.3362071415587
"6867",25898,88.5567212088646
"6868",25901,89.1443508210732
"6869",25904,85.7797042429453
"6870",25905,88.861169748061
"6871",25911,80.86433535633
"6872",25916,86.6760227028955
"6873",25923,80.0091274709275
"6874",25927,88.4440599658591
"6875",25929,83.8839379638236
"6876",25930,86.8316222937213
"6877",25937,81.5626553999529
"6878",25938,83.8310546497838
"6879",25940,84.0356488435817
"6880",25943,82.4066716889743
"6881",25945,83.6352795339904
"6882",25946,91.7353120236488
"6883",25947,84.6419749614174
"6884",25952,87.8409464551639
"6885",25954,85.7269515162173
"6886",25961,84.5152887743009
"6887",25962,85.298557375543
"6888",25963,87.9786103229325
"6889",25971,86.2071376901747
"6890",25993,81.6039045234314
"6891",25995,88.281675906569
"6892",25996,85.9438580563769
"6893",25999,81.7069616590256
"6894",26002,86.1355959391452
"6895",26003,89.5155116836095
"6896",26005,88.2828850671165
"6897",26007,82.3192583818385
"6898",26012,86.9890289306367
"6899",26038,87.8057007116055
"6900",26052,83.0135283707521
"6901",26055,88.1606575661613
"6902",26064,85.6880410581781
"6903",26078,86.0961361800757
"6904",26082,88.2740909481344
"6905",26084,85.838723638895
"6906",26085,82.1873116536083
"6907",26094,84.5685082456814
"6908",26101,85.2267317715065
"6909",26111,81.9814831997519
"6910",26116,86.5221780256555
"6911",26117,79.8761850705216
"6912",26119,88.2645753268193
"6913",26122,89.4133543054048
"6914",26124,74.6772714833546
"6915",26131,89.500414485458
"6916",26133,84.5400126599011
"6917",26134,89.9408997327581
"6918",26138,84.6047837088123
"6919",26139,78.1770860467579
"6920",26148,86.0507741625222
"6921",26150,85.1949709551929
"6922",26151,86.6099373351393
"6923",26152,89.7756635190084
"6924",26155,87.9903680726182
"6925",26158,91.8876264080776
"6926",26163,87.6026957862668
"6927",26170,86.5324441203125
"6928",26171,83.9762728338722
"6929",26172,86.0613521467053
"6930",26178,86.9054700182802
"6931",26181,83.4459763635756
"6932",26187,85.9655516982445
"6933",26198,86.203719934079
"6934",26199,85.6499173868201
"6935",26203,51.7540290079696
"6936",26208,88.9658934567661
"6937",26222,87.3956739805721
"6938",26230,86.4263575556529
"6939",26231,91.4780474044395
"6940",26240,85.8825634912956
"6941",26241,91.2118125734526
"6942",26242,72.0991778133485
"6943",26246,89.1571410481542
"6944",26249,88.2005868255393
"6945",26258,86.5848515201665
"6946",26269,86.2901374636606
"6947",26270,86.1236314632637
"6948",26271,85.597458466387
"6949",26280,80.8324957758297
"6950",26283,84.3247342287551
"6951",26285,84.0385355012206
"6952",26294,84.2793650195254
"6953",26302,87.986198813892
"6954",26303,85.497806383747
"6955",26306,79.3310637859263
"6956",26313,86.796777016733
"6957",26318,87.4360588210285
"6958",26322,79.569799189687
"6959",26324,80.6130797068629
"6960",26325,94.2954412195203
"6961",26326,83.9164743877653
"6962",26349,87.954262963087
"6963",26350,85.753875856979
"6964",26359,89.6804123983056
"6965",26366,91.2743023643938
"6966",26371,88.0425944537602
"6967",26375,82.9396798693762
"6968",26386,85.3048240117357
"6969",26391,85.5104764298148
"6970",26394,89.5455727042474
"6971",26395,95.1514655814038
"6972",26398,78.9596104106894
"6973",26400,87.713983356667
"6974",26403,87.7975285283743
"6975",26413,85.2451353912107
"6976",26414,83.9053673730859
"6977",26422,84.5974865627015
"6978",26425,83.9029136971402
"6979",26444,78.2873447773362
"6980",26453,88.5153547872747
"6981",26462,80.0033596462284
"6982",26464,84.2587956616127
"6983",26465,85.2724515014118
"6984",26467,78.0056515477042
"6985",26471,77.9836597928952
"6986",26472,86.4779169925778
"6987",26476,84.6928287271754
"6988",26479,89.3266966510056
"6989",26485,82.2913420511707
"6990",26487,87.7481345996941
"6991",26488,86.3621531308333
"6992",26491,84.1793369571323
"6993",26492,78.5878673570697
"6994",26495,93.5066169450771
"6995",26502,85.9219812788502
"6996",26504,82.4975749660404
"6997",26509,75.1688421857583
"6998",26513,69.9324724028886
"6999",26521,88.2331967977073
"7000",26524,86.9714022205486
"7001",26527,92.6002270233064
"7002",26528,86.1031294872381
"7003",26547,81.6301940428195
"7004",26554,71.6514887503771
"7005",26555,81.899708188018
"7006",26558,88.9864353904686
"7007",26560,89.6394334365432
"7008",26561,83.7430020241941
"7009",26562,84.6713339835366
"7010",26564,88.7100924457809
"7011",26567,82.6898559876459
"7012",26578,85.7748186922731
"7013",26585,80.6000672357427
"7014",26587,85.3641680493048
"7015",26596,85.1799070551597
"7016",26599,94.4104663036177
"7017",26603,81.4505262920022
"7018",26606,81.800097635039
"7019",26614,86.7459110096357
"7020",26616,91.0066291448086
"7021",26629,89.5641721723402
"7022",26630,87.0106263289407
"7023",26631,88.0266365093901
"7024",26649,81.3230149433544
"7025",26662,92.5928822691674
"7026",26663,87.1624451006711
"7027",26674,85.0658478737747
"7028",26680,87.6222727293966
"7029",26681,82.2146190994452
"7030",26686,86.491008134037
"7031",26688,84.9908417202768
"7032",26693,85.6160703449762
"7033",26694,81.3012839379259
"7034",26695,87.6919746377489
"7035",26696,83.5206144512959
"7036",26700,83.1589170109477
"7037",26701,77.2582176433001
"7038",26704,85.1451378072623
"7039",26712,80.8807868365115
"7040",26713,88.2494588679365
"7041",26726,86.7377623297568
"7042",26729,80.1843094538899
"7043",26731,87.9232146307399
"7044",26743,95.0660163790295
"7045",26744,81.5886247128952
"7046",26745,88.96914142427
"7047",26746,81.9678930081955
"7048",26750,79.8007002671245
"7049",26758,85.7992333903386
"7050",26770,76.018658544402
"7051",26776,89.4306661235476
"7052",26778,91.8306565001913
"7053",26782,82.081872913805
"7054",26788,86.7186189148603
"7055",26791,91.7513290572056
"7056",26792,86.0581672548168
"7057",26796,88.9143803808769
"7058",26810,83.2109502275944
"7059",26812,81.0077600912579
"7060",26819,75.5169204233794
"7061",26828,86.1404349058014
"7062",26838,86.7202624405854
"7063",26840,86.7870824100184
"7064",26841,85.342601435146
"7065",26849,84.2393144591557
"7066",26865,72.559418335366
"7067",26870,83.1897049461766
"7068",26875,88.191562183517
"7069",26887,78.0712396673504
"7070",26903,89.2796371153195
"7071",26913,82.345491922198
"7072",26915,86.5103013288943
"7073",26925,88.4788270640385
"7074",26934,89.3717536186186
"7075",26939,86.0623718693502
"7076",26947,85.8817430673188
"7077",26965,85.3292612485433
"7078",26973,89.9887513739709
"7079",26974,90.4798376647039
"7080",26999,89.5180545457055
"7081",27002,77.7012699149035
"7082",27005,84.2380941750064
"7083",27006,84.323398369058
"7084",27009,90.7337987520384
"7085",27020,90.6648645143668
"7086",27022,87.5527998187857
"7087",27032,78.9803822788297
"7088",27033,80.5186114048501
"7089",27036,84.2777022108932
"7090",27049,71.7262573353875
"7091",27064,83.5175907105067
"7092",27073,88.6552466243271
"7093",27075,87.377647555751
"7094",27109,81.8111810435783
"7095",27114,87.9311131392456
"7096",27152,84.2936757247344
"7097",27155,82.6760755794065
"7098",27156,80.247563290849
"7099",27180,83.7665139176403
"7100",27186,86.6334843042661
"7101",27193,86.0480044452441
"7102",27216,85.4950724624221
"7103",27251,79.8293847793243
"7104",27253,89.5852532882189
"7105",27255,87.5299674002439
"7106",27266,84.7171372923736
"7107",27271,83.7276323351475
"7108",27309,86.8005894179198
"7109",27311,81.603034368108
"7110",27316,86.6333526645874
"7111",27317,86.0987817784663
"7112",27329,83.2783555477735
"7113",27338,84.0812681910784
"7114",27340,84.3337270114366
"7115",27351,87.1375411761614
"7116",27368,83.7871584979445
"7117",27369,89.8786301565484
"7118",27376,88.0428838340375
"7119",27391,86.177570175874
"7120",27397,81.4333391900666
"7121",27402,80.7871158773766
"7122",27408,86.8600716620605
"7123",27410,86.9137607050524
"7124",27416,83.6174576923896
"7125",27432,88.4810937378207
"7126",27434,86.094511028427
"7127",27441,82.6001239746012
"7128",27450,76.2642255992755
"7129",27456,88.5484991633011
"7130",27478,89.4988979274119
"7131",27482,79.8867440305621
"7132",27491,87.9410055390759
"7133",27523,82.4339250389831
"7134",27555,86.2169858415217
"7135",27563,90.4636926276882
"7136",27564,92.4783602783685
"7137",27584,81.2199439960675
"7138",27592,82.6975644453787
"7139",27604,86.9388564252493
"7140",27608,73.4705280355137
"7141",27611,65.6360257340119
"7142",27618,74.9971118333337
"7143",27619,86.388140669487
"7144",27636,85.9415553518741
"7145",27643,81.5366661691465
"7146",27648,87.9279612240768
"7147",27660,60.0922323224756
"7148",27664,92.0677369838694
"7149",27667,74.3090583169964
"7150",27674,77.3037090339896
"7151",27685,89.1800342727526
"7152",27689,80.8710888710233
"7153",27700,86.6858762857468
"7154",27704,81.3243854714045
"7155",27705,86.2447938485628
"7156",27706,86.6595535776045
"7157",27716,82.9276445568885
"7158",27721,81.1648841471499
"7159",27722,85.2897338647871
"7160",27727,86.3828565701633
"7161",27728,70.0176323597162
"7162",27731,90.063530414256
"7163",27741,84.6505759430394
"7164",27744,83.5108838979826
"7165",27746,87.4877834317842
"7166",27768,89.4748246345733
"7167",27772,87.893550364303
"7168",27773,77.2907869766708
"7169",27778,91.6208342102223
"7170",27784,84.7415084535186
"7171",27788,78.2723400659055
"7172",27790,82.8108652682904
"7173",27792,88.5949179398737
"7174",27793,83.3271214348909
"7175",27797,87.2359891562921
"7176",27800,81.2952496077341
"7177",27801,75.8997917287486
"7178",27802,74.6388712214398
"7179",27803,83.8704918696968
"7180",27808,87.9497841816559
"7181",27812,88.0706506382709
"7182",27815,85.8389896506348
"7183",27816,84.447252701449
"7184",27820,87.4034195395035
"7185",27821,86.3016013368697
"7186",27822,88.5019376628711
"7187",27826,88.916944914812
"7188",27828,81.5102796723559
"7189",27830,89.0584426802432
"7190",27831,81.9946932829231
"7191",27833,83.7702489858997
"7192",27834,87.6925136169048
"7193",27837,84.2890350250757
"7194",27838,80.2986947736616
"7195",27839,85.4386950590204
"7196",27843,94.200920325747
"7197",27846,82.6052430370886
"7198",27850,85.3922647341467
"7199",27851,86.1437862341449
"7200",27857,88.260392072102
"7201",27864,83.2111055520344
"7202",27865,84.1237764985974
"7203",27866,83.7337630739818
"7204",27867,92.9785139558218
"7205",27869,83.1891186117962
"7206",27871,80.6888552813189
"7207",27873,85.1618866261696
"7208",27875,83.2975450059777
"7209",27876,89.606194424295
"7210",27878,87.4356285949753
"7211",27879,83.8842036505155
"7212",27882,87.5510488360505
"7213",27884,84.2652601087492
"7214",27887,86.5946043398769
"7215",27888,91.9179471306104
"7216",27899,75.5804704201588
"7217",27904,79.8830993742098
"7218",27905,70.8277510309868
"7219",27912,86.8350148831641
"7220",30701,89.3714981305531
"7221",30707,79.1647148533487
"7222",30712,87.940862769991
"7223",30745,87.4978699934538
"7224",30749,85.9648762796851
"7225",30793,91.6096309066126
"7226",30803,78.914961032266
"7227",30810,83.0280973094292
"7228",30812,79.6699907190817
"7229",30816,87.0004827705741
"7230",30818,85.7759073471556
"7231",30820,86.24799004159
"7232",30822,84.725225762892
"7233",30825,88.0281238303458
"7234",30846,82.1955326695004
"7235",30848,84.4012522162744
"7236",30850,89.8477004265094
"7237",30867,88.0816402011776
"7238",30883,86.1662469521779
"7239",30892,78.7727778065502
"7240",30894,85.5872711688868
"7241",30898,85.4593954626389
"7242",30952,89.9926916588525
"7243",30991,88.6432429454912
"7244",30996,90.6068756909062
"7245",31000,87.2396203375171
"7246",31026,87.5867246052209
"7247",31030,89.6843641643573
"7248",31032,86.1773111081756
"7249",31035,82.1534247794709
"7250",31079,86.9294618630119
"7251",31101,87.5590370028793
"7252",31114,89.1368250951733
"7253",31116,84.2069958635362
"7254",31123,85.1827573082499
"7255",31150,85.7001004855471
"7256",31162,82.730520237326
"7257",31184,67.8255951171089
"7258",31193,88.0080592073007
"7259",31221,87.6683244625401
"7260",31223,90.2503256938421
"7261",31225,87.4753768559938
"7262",31251,77.8562728146664
"7263",31255,79.3624189404825
"7264",31260,82.8350584669521
"7265",31263,86.6439381161303
"7266",31270,89.0533472679305
"7267",31309,86.9847541266896
"7268",31347,89.0190524808004
"7269",31359,84.324978469216
"7270",31364,81.9891552722337
"7271",31367,87.734383680194
"7272",31408,90.2365716350992
"7273",31410,85.066895273052
"7274",31420,83.7910504466686
"7275",31422,88.22211493157
"7276",31424,82.8569678448642
"7277",31427,89.5056935852563
"7278",31429,76.8723603845174
"7279",31431,86.0804912504183
"7280",31433,92.0447094618301
"7281",31435,83.0971444674157
"7282",31437,84.8611433180099
"7283",31445,81.6068154901118
"7284",31467,86.3731860578696
"7285",31485,82.1124223552812
"7286",31502,82.5504704559367
"7287",31522,89.5121837778603
"7288",31528,79.611277056845
"7289",31553,88.5678753054694
"7290",31555,87.934803844069
"7291",31590,87.8883555157582
"7292",31617,77.2549352005245
"7293",31658,89.6909546045216
"7294",31660,76.4798467351751
"7295",31685,86.8333147101101
"7296",31687,90.3363018019278
"7297",31689,86.3909569034236
"7298",31694,90.3038012700995
"7299",31696,77.7624586398181
"7300",31698,84.9364341785914
"7301",31700,88.9968832102232
"7302",31702,95.3155027370003
"7303",31705,88.7858126241621
"7304",31724,84.4006511926718
"7305",31737,89.8447237160818
"7306",31770,83.9628145485697
"7307",31785,83.3987839239768
"7308",31804,73.0876746457583
"7309",31807,71.4288730012679
"7310",31867,87.7798651388771
"7311",31878,75.9437713879834
"7312",31903,88.8374115569397
"7313",31909,85.6672983784893
"7314",31923,77.735723242843
"7315",31930,85.2217808530577
"7316",31934,84.4478193580078
"7317",31952,81.7505588891441
"7318",31956,88.8322650461124
"7319",31973,89.754607890025
"7320",32009,89.5072257747076
"7321",32011,89.6501098974814
"7322",32017,88.5808190278116
"7323",32019,85.749175172143
"7324",32022,92.4070273217842
"7325",32025,88.7379626843416
"7326",32029,82.2896551737408
"7327",32031,81.7038086831406
"7328",32058,85.861730899308
"7329",32076,86.386925178038
"7330",32078,79.7176265094693
"7331",32084,83.6524048327832
"7332",32116,83.7890815482994
"7333",32139,75.1553684531248
"7334",32160,85.2137376248012
"7335",32170,88.2534921108594
"7336",32174,86.9098898051818
"7337",32179,83.7235945836655
"7338",32196,87.3153149340341
"7339",32213,77.2664582447133
"7340",32234,88.5266125556469
"7341",32239,77.9680798418555
"7342",32261,81.5389782290673
"7343",32289,100.51581905005
"7344",32291,84.9766295178889
"7345",32296,92.8240245087259
"7346",32298,90.0176155726248
"7347",32300,90.0766360159021
"7348",32302,82.3019480343073
"7349",32314,90.8763620846843
"7350",32316,90.0826275625231
"7351",32349,88.7224689639723
"7352",32369,84.6831181715197
"7353",32371,84.0162347839914
"7354",32381,89.8673691789815
"7355",32383,86.9448856608671
"7356",32387,88.773932442384
"7357",32392,84.8876170071554
"7358",32456,92.1697783701402
"7359",32460,82.5755746708886
"7360",32469,83.4405235246826
"7361",32525,87.194127662401
"7362",32554,74.935994050549
"7363",32582,89.6531411892756
"7364",32584,85.0385339827439
"7365",32587,80.6672018410254
"7366",32589,88.6786603493756
"7367",32591,88.4439142658485
"7368",32596,89.4323057139484
"7369",32598,90.429063003566
"7370",32600,86.9557910810093
"7371",32627,86.9835013146789
"7372",32632,83.5245014789345
"7373",32657,88.1573470837081
"7374",32666,85.2387122104725
"7375",32721,87.227911796022
"7376",32743,87.4068244590145
"7377",32770,87.354293394909
"7378",32825,82.0684991026586
"7379",32853,91.185230856925
"7380",32862,89.3585101644191
"7381",32892,89.3220505756222
"7382",32898,80.7068080518598
"7383",32943,86.9087999672791
"7384",32988,87.8448509378191
"7385",33004,80.7090744199877
"7386",33036,88.4504152115093
"7387",33072,87.2750442393426
"7388",33085,88.068938188716
"7389",33124,93.642848399421
"7390",33126,90.7664351272542
"7391",33136,88.9371248742634
"7392",33138,93.1890286727694
"7393",33145,85.8361223250889
"7394",33154,84.4053445380798
"7395",33158,85.3699338091429
"7396",33162,80.684856807977
"7397",33164,88.5386615686883
"7398",33166,79.6163966060095
"7399",33171,87.4719816190742
"7400",33237,87.9234699550334
"7401",33288,90.2450014961729
"7402",33312,88.7088701071912
"7403",33358,87.6724759887573
"7404",33410,89.179723642938
"7405",33421,79.7658743280952
"7406",33437,75.5528070757604
"7407",33451,82.1766641144867
"7408",33454,86.3883921476843
"7409",33493,70.4878963337429
"7410",33495,88.5459265281481
"7411",33499,90.7511064028602
"7412",33539,90.5351824238509
"7413",33558,76.8980779932213
"7414",33564,86.2303894490937
"7415",33585,91.7653183228171
"7416",33592,90.1186870235791
"7417",33603,86.6959736499386
"7418",33615,93.139730182738
"7419",33621,89.3575438448369
"7420",33639,88.7266623104754
"7421",33644,84.938971592792
"7422",33646,88.9248926910343
"7423",33649,91.9174892929748
"7424",33660,79.7820641593403
"7425",33669,91.772461762075
"7426",33672,85.9813992133991
"7427",33675,86.7003531141198
"7428",33677,80.477186564513
"7429",33679,81.5477624485006
"7430",33681,85.2939646626105
"7431",33683,83.4479548024341
"7432",33685,86.0679979501585
"7433",33722,86.4098002736251
"7434",33725,85.8580874716729
"7435",33750,93.6428072936831
"7436",33781,87.4433439301235
"7437",33794,77.7790007294356
"7438",33815,92.4330413104361
"7439",33817,89.1980688384155
"7440",33819,87.5662753992417
"7441",33826,81.3595004386058
"7442",33830,89.4639105138305
"7443",33832,75.5549823201563
"7444",33834,81.2359817965717
"7445",33836,88.3342937771888
"7446",33838,85.7129860049468
"7447",33880,86.000245676391
"7448",33893,80.4851934766191
"7449",33896,80.7886975236378
"7450",33903,77.2670298293651
"7451",33966,86.8858672085075
"7452",34002,93.7057478729873
"7453",34018,93.7609001379472
"7454",34048,69.9249123008312
"7455",34072,92.0994766055004
"7456",34129,85.1287717980116
"7457",34143,89.5604445584768
"7458",34148,87.4656386581405
"7459",34150,85.9136708345805
"7460",34153,86.6765867385509
"7461",34155,89.0578745513241
"7462",34162,86.4788643512393
"7463",34164,88.3763846867159
"7464",34177,75.3591046943995
"7465",34198,81.5571845703553
"7466",34271,84.8165502958276
"7467",34292,78.3170823677101
"7468",34319,64.4824789779022
"7469",34321,85.0619505309221
"7470",34323,90.6861963065867
"7471",34326,88.6370267237606
"7472",34332,86.2981739956543
"7473",34334,75.6238511928868
"7474",34336,89.8169305940263
"7475",34338,86.5984183292575
"7476",34359,89.2825437734323
"7477",34405,69.3044590572069
"7478",34437,84.7393525988815
"7479",34482,86.8862052427371
"7480",34520,87.6241343527555
"7481",34523,83.8938748293808
"7482",34528,89.1759789263431
"7483",34530,88.9484004994574
"7484",34532,86.635352309105
"7485",34534,84.2085883493335
"7486",34536,83.4653572248096
"7487",34540,89.8779749713556
"7488",34542,87.6732790209399
"7489",34552,79.0605846134087
"7490",34583,85.0548872570915
"7491",34767,81.2221420214285
"7492",35015,87.0708916627125
"7493",35347,84.4426513185307
"7494",35836,88.881203105257
"7495",35957,82.6325439134244
"7496",36276,87.6827946201475
"7497",36289,83.7327610923939
"7498",36363,79.8324749490451
"7499",36397,88.9840384577946
"7500",36401,81.0895051726864
"7501",36477,85.5848207447218
"7502",36509,82.9376288730984
"7503",36513,87.6949568712
"7504",36517,81.4828589607
"7505",36519,85.2274506783447
"7506",36523,90.9560530442786
"7507",36525,87.7921332553872
"7508",36527,86.9549608184113
"7509",36529,80.7481523120184
"7510",36531,89.0153492042373
"7511",36533,86.8693957297573
"7512",36535,85.1255383056832
"7513",36537,88.1170778148048
"7514",36708,82.115585401333
"7515",36850,82.5189251964327
"7516",36931,79.1634778130362
"7517",37211,94.300618284199
"7518",37240,95.2029669277944
"7519",37380,85.401974698803
"7520",37382,78.1456373841249
"7521",37384,90.3974433842601
"7522",37386,72.1215337128497
"7523",37475,79.4089588559338
"7524",37477,88.2015617576357
"7525",37545,87.9776886776739
"7526",37720,86.5330593510114
"7527",37727,86.0916323781244
"7528",37729,90.9464711318242
"7529",37731,86.0306416875349
"7530",37733,83.0146189088099
"7531",37736,83.7698833478872
"7532",37739,87.9513072853226
"7533",37741,92.5859031209018
"7534",37830,79.0753455948625
"7535",37844,88.0940440695115
"7536",37853,86.8066208201393
"7537",37855,83.0445817720756
"7538",37857,86.2441206184698
"7539",37955,91.0686292434751
"7540",38038,100.587956044309
"7541",38061,82.4879964274399
"7542",38095,75.0144771613309
"7543",38097,83.0216830614936
"7544",38159,84.6410578151331
"7545",38188,87.7068207784522
"7546",38198,93.4745350012581
"7547",38294,75.8436356111838
"7548",38304,81.241130999858
"7549",38388,90.8092352565048
"7550",38499,88.3086871680072
"7551",38600,85.5097335369865
"7552",38701,83.6342216503608
"7553",38798,88.8579418035448
"7554",38824,89.0545292216714
"7555",38886,87.4942444620743
"7556",38992,88.5360061855679
"7557",38994,83.4724498878845
"7558",39052,70.5273557114416
"7559",39183,87.1236503379397
"7560",39231,85.6894237202644
"7561",39234,90.2249628219394
"7562",39292,86.8925088661274
"7563",39307,90.2514383035756
"7564",39381,85.4306454857768
"7565",39398,89.9275094984153
"7566",39400,87.0982927379867
"7567",39414,86.0894014554372
"7568",39419,84.2408578503712
"7569",39421,91.3425248158825
"7570",39427,80.3755248301802
"7571",39435,86.0195909528202
"7572",39441,91.9519748143236
"7573",39444,85.8033554965397
"7574",39446,86.4981627744442
"7575",39449,90.7963226391279
"7576",39715,90.6123061860603
"7577",39869,81.7670529933663
"7578",39886,84.508152732945
"7579",40010,87.0306101325502
"7580",40148,81.31335193799
"7581",40278,87.4504725059207
"7582",40339,92.8032617325436
"7583",40412,87.4671709907311
"7584",40414,85.3594099533827
"7585",40491,86.781647222012
"7586",40574,86.8195811583608
"7587",40581,91.3051319026445
"7588",40583,85.8866376914659
"7589",40586,86.8331567247639
"7590",40614,85.9034934651942
"7591",40617,85.68367356974
"7592",40629,89.9643693479611
"7593",40681,89.3133560426953
"7594",40697,66.0189914319425
"7595",40723,87.1588412257175
"7596",40732,84.5296286954328
"7597",40815,96.638621183184
"7598",40817,84.6163619773032
"7599",40819,83.5216248558245
"7600",40826,88.4116400137009
"7601",40851,79.9326990377452
"7602",40870,85.502011802698
"7603",40887,90.6197215394289
"7604",40946,82.3515463722628
"7605",40952,85.9744491895882
"7606",40955,86.4166585077334
"7607",40959,85.91548710366
"7608",40962,91.3607093469911
"7609",40966,85.2385427245541
"7610",40973,85.8852150402548
"7611",40988,83.3438352379031
"7612",41014,89.5381042575222
"7613",41025,89.7749884464971
"7614",41226,87.191582890198
"7615",41285,83.4087662418211
"7616",41411,83.3184138212192
"7617",41425,88.3281066561083
"7618",41527,93.2611529687407
"7619",41566,92.0510699884623
"7620",41569,74.0839227113082
"7621",41571,84.7797927357961
"7622",41573,90.265029809989
"7623",41575,77.3783708537561
"7624",41585,87.269752744177
"7625",41617,86.9807681250634
"7626",41627,87.7529141542362
"7627",41716,82.6848222135547
"7628",41721,87.948912796074
"7629",41724,88.1032092543078
"7630",41769,89.5350442576335
"7631",41863,83.4086485189129
"7632",41997,91.5542120757908
"7633",42002,88.8863656400906
"7634",42004,88.5166172407952
"7635",42007,89.6463351706035
"7636",42009,89.6644089524729
"7637",42011,87.8526076498971
"7638",42013,88.4611192539145
"7639",42015,87.6100119560677
"7640",42018,87.7445894885531
"7641",42021,82.0718782726486
"7642",42053,86.2272029346415
"7643",42094,92.3170841702065
"7644",42163,82.4342728205886
"7645",42191,89.6030399498789
"7646",42197,88.535884857473
"7647",42217,87.9596383643854
"7648",42351,81.0809916997919
"7649",42418,88.273681948288
"7650",42422,78.7454139593918
"7651",42632,82.1513729560309
"7652",42718,76.8466047513157
"7653",42721,89.3439591473832
"7654",42723,87.6049154055048
"7655",42725,89.0202796560303
"7656",42728,87.8116391281189
"7657",42730,87.5179474866252
"7658",42732,89.4803998554454
"7659",42734,84.8948512421088
"7660",42738,85.7208289505105
"7661",42740,88.6375344579558
"7662",42900,86.3780292165212
"7663",42958,83.8480059119899
"7664",43333,88.3290351996945
"7665",43376,89.1837455981501
"7666",43391,79.6487846149274
"7667",43396,77.4124037025175
"7668",43419,87.3507589996091
"7669",43460,86.7248466785323
"7670",43556,87.2694273256803
"7671",43558,88.0524153472028
"7672",43560,89.9059440519664
"7673",43652,82.6236283325495
"7674",43677,85.7487170148008
"7675",43679,87.5399328385922
"7676",43684,87.7943972719438
"7677",43708,86.8992498695514
"7678",43744,90.9999672352786
"7679",43832,82.2015280340692
"7680",43836,88.6345253859895
"7681",43869,88.187398967458
"7682",43871,82.0782038557951
"7683",43904,86.761858393695
"7684",43908,89.5268785097767
"7685",43910,87.3460949539159
"7686",43912,86.9199935867292
"7687",43914,86.7867530617479
"7688",43917,87.8378872355726
"7689",43919,88.2172025308702
"7690",43921,83.2213797856541
"7691",43923,90.1022248542481
"7692",43928,77.9198974874534
"7693",43930,91.58186164858
"7694",43932,82.5272173277618
"7695",43934,92.5222057093084
"7696",43936,81.3474176368769
"7697",43987,83.9483198321763
"7698",44004,90.1112020330422
"7699",44020,81.7721489249622
"7700",44022,89.0557226150532
"7701",44058,83.5788766851493
"7702",44100,84.9445011827148
"7703",44168,88.7005571677336
"7704",44189,85.2415456655299
"7705",44191,70.6902781772284
"7706",44193,93.3570076556977
"7707",44195,81.0124207959404
"7708",44197,85.4469679505452
"7709",44199,78.7792624257249
"7710",44204,85.2787836510509
"7711",44225,89.2273302319356
"7712",44245,85.5301391575977
"7713",44301,86.5624507299685
"7714",44397,88.2008753863032
"7715",44399,91.503665732734
"7716",44494,82.9337662983304
"7717",44555,86.5314506307948
"7718",44587,86.6606765497532
"7719",44613,88.1145724764921
"7720",44633,85.0582515900434
"7721",44657,89.8779681956805
"7722",44665,76.6141922395143
"7723",44694,90.1228761124135
"7724",44709,87.0824134423452
"7725",44729,85.4192001433507
"7726",44731,89.3664222013579
"7727",44759,88.4630638278604
"7728",44761,80.9366717678182
"7729",44788,86.3697017809281
"7730",44815,84.007165048997
"7731",44828,87.0176862597217
"7732",44840,85.4095141044575
"7733",44844,87.7506900552578
"7734",44849,79.5519106509309
"7735",44864,89.0878850669831
"7736",44889,88.7068731609973
"7737",44929,89.7246931170134
"7738",44937,87.4747711794538
"7739",44943,83.8210471526443
"7740",44949,86.7851457181946
"7741",44972,89.4318353546443
"7742",44974,82.1646728574747
"7743",44978,75.5778852360881
"7744",45003,84.3844015724671
"7745",45028,87.4599956483013
"7746",45062,85.2336810194831
"7747",45074,88.8562488704659
"7748",45081,87.0868309515409
"7749",45106,87.2862666695117
"7750",45175,88.4168599139599
"7751",45183,77.0746478898815
"7752",45186,80.9950947890294
"7753",45208,86.6098481496905
"7754",45210,82.7768717084174
"7755",45221,90.4275452967792
"7756",45335,87.3265151793023
"7757",45361,84.9193095733294
"7758",45382,84.4851530112632
"7759",45431,90.8570401289678
"7760",45440,83.1826998922705
"7761",45442,83.9134310834197
"7762",45447,82.3723788680956
"7763",45499,80.9925539151063
"7764",45501,88.3794034931777
"7765",45503,82.0117718159401
"7766",45506,85.3549832605494
"7767",45517,86.9935519925229
"7768",45525,87.6411497098078
"7769",45635,90.7732485193289
"7770",45658,88.2945954835507
"7771",45662,87.1055089402527
"7772",45666,87.8182239155
"7773",45668,81.7878402752258
"7774",45672,82.300766449363
"7775",45720,88.1397986558699
"7776",45722,81.6442251941256
"7777",45726,86.562131937581
"7778",45728,87.1942245028815
"7779",45730,77.110603993502
"7780",45732,86.2475444394526
"7781",45852,85.628643479794
"7782",45880,90.3903385219377
"7783",45928,85.8368945103442
"7784",45950,87.3500921298852
"7785",45981,80.5331167909316
"7786",46062,91.1823270179135
"7787",46156,75.86872091304
"7788",46322,70.8822653632462
"7789",46335,87.0559059629737
"7790",46337,88.6362816537766
"7791",46347,83.0815115446327
"7792",46430,87.8854183955899
"7793",46530,83.11026019293
"7794",46559,91.4790537341432
"7795",46572,90.3605690729251
"7796",46574,85.6738905076112
"7797",46578,90.2333903054128
"7798",46653,83.0900043095616
"7799",46664,78.1082216914537
"7800",46723,82.1559105654817
"7801",46772,88.6173576099173
"7802",46803,82.4114748789903
"7803",46850,83.6664274699182
"7804",46855,85.4386275026733
"7805",46865,86.6326484937999
"7806",46919,88.0603366510887
"7807",46948,86.7326115829313
"7808",46959,86.8234718981738
"7809",46965,84.3701160034632
"7810",46967,86.87238669262
"7811",46970,87.229581008171
"7812",46972,86.9292608554753
"7813",46974,83.1457973738357
"7814",46976,76.0725478799572
"7815",47044,83.4150448021631
"7816",47099,84.062197308941
"7817",47122,92.6474331492467
"7818",47124,88.9539831719148
"7819",47150,85.5692216584388
"7820",47200,83.1719788780979
"7821",47202,84.9827300274696
"7822",47254,86.4662578713471
"7823",47261,84.5113480242369
"7824",47264,89.4082298131835
"7825",47274,93.3163760208477
"7826",47306,90.0501060983291
"7827",47382,90.9300916217571
"7828",47384,86.7885176447796
"7829",47394,78.6779607446942
"7830",47404,89.0752715818711
"7831",47423,85.5005451361181
"7832",47446,84.5673859851258
"7833",47465,87.3221391622162
"7834",47491,77.7063416305191
"7835",47516,88.4857041954508
"7836",47518,90.2985494372017
"7837",47610,77.0201380093822
"7838",47629,84.846257981884
"7839",47634,83.266903274644
"7840",47640,87.2559240267893
"7841",47644,85.4990756023924
"7842",47646,85.4085356388178
"7843",47721,82.7809005699669
"7844",47723,86.2407974786362
"7845",47725,82.3479383928791
"7846",47778,91.1321946610869
"7847",47793,90.7803381436515
"7848",47810,84.4293552524766
"7849",47830,85.7910189068164
"7850",47894,85.1369818517711
"7851",47937,86.1002424309131
"7852",47950,84.8553258854508
"7853",47952,88.0498523665887
"7854",47970,87.7018909598715
"7855",47976,85.2777143141722
"7856",47978,91.8776193208752
"7857",47997,79.2131263295431
"7858",47999,88.6759938959201
"7859",48032,86.0639460096354
"7860",48043,77.9561198317819
"7861",48061,85.0226759782768
"7862",48082,80.5558008677716
"7863",48142,82.187768370865
"7864",48150,85.2897250988544
"7865",48161,86.4576125978713
"7866",48231,88.7365565517931
"7867",48262,81.975095841949
"7868",48301,83.5940837810063
"7869",48304,76.7503339362942
"7870",48319,87.2661923141422
"7871",48322,90.8649245192189
"7872",48326,85.0923652500619
"7873",48342,81.1801513175815
"7874",48346,89.8041194241662
"7875",48385,90.7534058957811
"7876",48394,82.5327653245803
"7877",48412,86.1262184484053
"7878",48414,88.911433472962
"7879",48416,88.1207275663037
"7880",48516,77.0750047318365
"7881",48518,87.0620500653839
"7882",48520,83.8638375345334
"7883",48522,87.7587278665592
"7884",48560,87.9110054161903
"7885",48591,87.3873215673785
"7886",48593,85.3105029194375
"7887",48596,86.794441715301
"7888",48598,90.7598603820549
"7889",48600,88.3496944813742
"7890",48678,85.061274241569
"7891",48682,92.2333146862466
"7892",48696,85.0966784735675
"7893",48698,86.948175386468
"7894",48711,89.9721305623987
"7895",48738,83.871621647027
"7896",48741,88.669634052729
"7897",48744,91.6832310211605
"7898",48774,65.3192158968418
"7899",48780,70.9567944970786
"7900",48783,82.6420049603986
"7901",48791,91.8375310075435
"7902",48856,86.6384493809875
"7903",48872,81.3220547167631
"7904",48877,86.2823472130969
"7905",48879,88.9145133120129
"7906",48883,90.4190064011233
"7907",48943,83.4327789267493
"7908",48982,99.8394573118225
"7909",48997,77.7000715909802
"7910",49007,89.5630995793409
"7911",49013,90.1116100490206
"7912",49110,77.2399017028188
"7913",49130,85.5311758769096
"7914",49132,88.5468998451347
"7915",49200,90.8330668740269
"7916",49205,85.9803658897808
"7917",49220,88.7460483449179
"7918",49225,86.3729642518684
"7919",49263,85.4003325063585
"7920",49265,90.8706643579192
"7921",49272,81.732886289022
"7922",49274,91.8238915337018
"7923",49276,86.7880449789012
"7924",49278,72.3927996036612
"7925",49280,81.057864687783
"7926",49282,88.0562541015215
"7927",49284,82.7303268189503
"7928",49286,90.8449234228866
"7929",49312,81.8359089891798
"7930",49314,85.2822715468396
"7931",49347,85.1881050424126
"7932",49355,88.9895290960126
"7933",49396,85.6132244074927
"7934",49422,85.8428058751696
"7935",49524,84.9920084470611
"7936",49526,89.8312432926879
"7937",49528,90.7431898883998
"7938",49530,83.0841416903666
"7939",49642,89.0528705804108
"7940",49647,91.2523894488477
"7941",49649,87.2661981820051
"7942",49651,78.995113276267
"7943",49666,85.550782330999
"7944",49688,89.0124411367951
"7945",49737,88.0449763960394
"7946",49772,83.8775565364805
"7947",49793,85.5092266415899
"7948",49822,85.2286480797982
"7949",49824,88.0193613791072
"7950",49910,85.5240825309907
"7951",49917,85.4366432381596
"7952",49932,86.7768763544975
"7953",49957,90.685417474614
"7954",49961,83.3080389230875
"7955",50003,88.5253556297455
"7956",50005,78.8531317966524
"7957",50011,79.1517836082801
"7958",50064,87.8722273954154
"7959",50066,85.3629632809805
"7960",50068,81.7950539045057
"7961",50147,86.8778002523962
"7962",50149,86.2629403681919
"7963",50153,86.2553779578072
"7964",50158,91.2711641397811
"7965",50160,89.2865586725037
"7966",50162,85.7119322263933
"7967",50189,91.031435433594
"7968",50245,87.9535576677021
"7969",50259,85.507243150318
"7970",50274,80.6948910957016
"7971",50440,88.626096883306
"7972",50442,86.9240849294924
"7973",50445,86.6833164905902
"7974",50447,87.8357313735213
"7975",50514,84.6697968435981
"7976",50517,77.4534464331164
"7977",50601,84.3569188669716
"7978",50619,91.5417800469728
"7979",50651,86.2482857376569
"7980",50658,85.2215040474816
"7981",50685,86.9458248854386
"7982",50740,82.4013932577644
"7983",50742,88.2406881647338
"7984",50792,88.0426139423548
"7985",50794,82.2126550383684
"7986",50796,89.545072228298
"7987",50798,87.1593179738282
"7988",50800,85.4637705720274
"7989",50802,90.8203630706763
"7990",50804,96.001820256776
"7991",50806,86.4426657922489
"7992",50842,88.3716945661448
"7993",50851,83.9296210009291
"7994",50858,83.3608505570819
"7995",50872,89.7765374871374
"7996",50909,88.0030770763207
"7997",50912,80.4153507070057
"7998",50923,82.4972985184787
"7999",50942,89.0409790062414
"8000",50954,91.4847741111186
"8001",51007,86.5037445967584
"8002",51024,81.9939531267459
"8003",51037,77.3350624393243
"8004",51063,90.5928403526805
"8005",51077,88.5239101206672
"8006",51080,81.1952529490438
"8007",51084,89.5322484102519
"8008",51086,81.3102090362232
"8009",51088,89.2077280112736
"8010",51091,83.01345281394
"8011",51094,87.5003535183729
"8012",51174,84.8912197884798
"8013",51255,78.52729411641
"8014",51277,77.4449036636248
"8015",51357,87.310017179989
"8016",51372,86.6467416890583
"8017",51412,76.2416640852235
"8018",51418,85.0896289946324
"8019",51471,86.5054339076873
"8020",51520,86.1610105408038
"8021",51540,81.688100279647
"8022",51562,82.862099275675
"8023",51575,88.693331082469
"8024",51632,90.5115419880962
"8025",51638,90.1498874670216
"8026",51660,81.9751162968567
"8027",51662,68.1584291853686
"8028",51666,84.6201202544932
"8029",51678,87.9219314405005
"8030",51694,84.8520017378528
"8031",51698,74.3646991799109
"8032",51705,87.4367957168022
"8033",51709,80.9002767059304
"8034",51834,90.5309757591559
"8035",51884,87.0007676541408
"8036",51903,88.5808845448551
"8037",51925,84.0976082887286
"8038",51927,86.2127967134311
"8039",51931,84.5395030425225
"8040",51933,89.6146676142028
"8041",51935,83.1382248179645
"8042",51937,88.3032975572637
"8043",51939,85.8121676303301
"8044",51991,91.9398659873172
"8045",52005,90.0040205844605
"8046",52042,87.4603773580678
"8047",52227,87.0079805463645
"8048",52241,79.8846691518813
"8049",52245,97.4959524972877
"8050",52279,86.6146632963853
"8051",52281,85.5241761591074
"8052",52283,84.5435813295813
"8053",52287,86.0218103145479
"8054",52319,86.1102376625648
"8055",52321,79.7267930911763
"8056",52328,64.0774448232743
"8057",52375,80.0250592344375
"8058",52435,86.1502955163479
"8059",52448,87.1861187594057
"8060",52456,84.6422673457601
"8061",52458,80.903995534688
"8062",52460,83.3036864147822
"8063",52462,85.0463615783194
"8064",52579,82.9942222412379
"8065",52591,83.5828989070928
"8066",52604,86.2791579975387
"8067",52606,86.9068012462549
"8068",52644,87.585682411693
"8069",52668,86.0185986783542
"8070",52694,89.6244953874196
"8071",52712,83.8428829299586
"8072",52715,88.4517202841424
"8073",52717,86.1225244857646
"8074",52722,83.7760674643773
"8075",52724,87.6712939822755
"8076",52730,91.3121274601087
"8077",52767,85.5053740445108
"8078",52838,89.3877520519303
"8079",52867,85.8032562806396
"8080",52885,76.8170856465791
"8081",52950,70.9773891059557
"8082",52952,92.6692105785357
"8083",52967,80.8546043676777
"8084",52973,89.3144819204906
"8085",52975,90.6057737957251
"8086",53000,79.180833824652
"8087",53002,89.705654561992
"8088",53004,86.5573523616868
"8089",53024,82.1357568380224
"8090",53121,88.2364356060289
"8091",53123,82.9482651990067
"8092",53125,84.82609980208
"8093",53127,85.9901338791756
"8094",53129,81.1984591234602
"8095",53140,89.9716839644382
"8096",53161,82.9471470904204
"8097",53189,87.303268307878
"8098",53207,84.8093652248504
"8099",53318,77.0729512517523
"8100",53322,85.6139788191992
"8101",53326,83.1321176054609
"8102",53349,86.3525521435321
"8103",53435,89.5760239475636
"8104",53447,83.2447664544254
"8105",53450,84.318109874304
"8106",53460,95.3195138263786
"8107",53464,87.6088459704942
"8108",53466,89.1296633028752
"8109",53468,80.44242719209
"8110",53519,87.4895346132352
"8111",53550,81.6972407636619
"8112",53574,84.0885338183658
"8113",53578,87.8967249593857
"8114",53737,88.2578738683309
"8115",53769,84.5131689480207
"8116",53827,86.3630107277979
"8117",53887,84.5339723363577
"8118",53894,89.9742473341868
"8119",53906,83.7992112247033
"8120",53919,83.8788251349019
"8121",53921,84.058272230532
"8122",53953,81.9943058169803
"8123",53956,85.0138987408974
"8124",53972,73.8246561349039
"8125",53974,89.2455797949825
"8126",53988,87.1650622320817
"8127",53993,86.7792848617366
"8128",53996,71.9169932899672
"8129",53999,88.3162883409369
"8130",54001,96.5957550244321
"8131",54004,89.9916910760857
"8132",54075,86.0235635034831
"8133",54094,88.55327658277
"8134",54116,77.1552144759124
"8135",54190,87.394668070363
"8136",54193,89.6130901326097
"8137",54256,87.6934506508861
"8138",54259,87.6922374749805
"8139",54270,84.9715472159942
"8140",54272,81.8690783412718
"8141",54274,88.7312376754123
"8142",54276,90.3643474383464
"8143",54278,90.6392348103072
"8144",54281,87.8091232142131
"8145",54286,81.574811641924
"8146",54290,88.001540978436
"8147",54328,79.4053254743163
"8148",54331,85.7725218595575
"8149",54372,77.6238469646962
"8150",54503,89.2175767702172
"8151",54513,83.772913161461
"8152",54612,79.8471401363692
"8153",54648,90.9775081142827
"8154",54686,89.3034618439559
"8155",54732,86.0246218916636
"8156",54734,92.1690506592472
"8157",54736,82.4277904867445
"8158",54745,87.0778728559241
"8159",54768,89.2986455156809
"8160",54771,82.4664514472631
"8161",54775,85.3292588258749
"8162",54780,89.7910926189338
"8163",54785,89.5652476906402
"8164",54787,82.2942338882581
"8165",54796,87.4759828593271
"8166",54881,82.5112426305709
"8167",54910,89.9750293203602
"8168",54934,87.7733140411309
"8169",54962,72.8616322704913
"8170",54978,83.2649661503608
"8171",54995,86.7326964666804
"8172",54997,76.4099025132912
"8173",54999,84.1228059321688
"8174",55020,85.7577408287969
"8175",55031,79.7328146504975
"8176",55052,82.7214149994201
"8177",55063,87.5699429382257
"8178",55067,86.8742276686692
"8179",55069,90.4868008981918
"8180",55071,92.1698325085019
"8181",55080,82.8434983882618
"8182",55094,88.5056674323765
"8183",55100,88.4741485060064
"8184",55110,86.7117661502259
"8185",55116,86.8191058804324
"8186",55118,83.0508462306152
"8187",55156,85.8375297664121
"8188",55167,86.1486571572777
"8189",55176,84.5253532725968
"8190",55205,84.4557001923927
"8191",55232,87.1234746463248
"8192",55241,87.9109511205223
"8193",55245,89.0693405118843
"8194",55247,81.4974790780713
"8195",55250,90.2691276883798
"8196",55253,86.5542088248137
"8197",55255,88.8925743717544
"8198",55257,91.2428308078902
"8199",55259,85.7457848666305
"8200",55261,88.000360510584
"8201",55267,87.1126128677638
"8202",55269,87.5213514748665
"8203",55272,85.7869900117118
"8204",55274,84.0893950733496
"8205",55276,79.6364897922603
"8206",55278,85.719868499185
"8207",55280,83.9837221439612
"8208",55282,85.9443396960926
"8209",55284,89.8440016983656
"8210",55286,86.685496490879
"8211",55288,84.8169478073965
"8212",55290,81.139967891389
"8213",55292,85.3233670339212
"8214",55363,81.999611970887
"8215",55442,89.405282917566
"8216",55444,84.9578582113292
"8217",55451,88.9025777747493
"8218",55498,84.9875369682302
"8219",55553,87.7032093020189
"8220",55555,86.8931130370772
"8221",55566,89.21383099955
"8222",55577,86.406136544613
"8223",55620,88.2140778782979
"8224",55687,82.2943789989143
"8225",55721,87.9021828683071
"8226",55729,85.0816086285465
"8227",55732,83.0807465502719
"8228",55765,82.1090635611144
"8229",55768,88.0885881367435
"8230",55805,83.5517849505493
"8231",55814,82.4328601522924
"8232",55820,83.1172589803571
"8233",55830,84.2716329535144
"8234",55872,82.7139129793868
"8235",55895,85.3017445757729
"8236",55901,90.4869890821326
"8237",55908,65.8442680025999
"8238",55946,88.892422795868
"8239",55955,87.8561101824976
"8240",55995,79.7287657317803
"8241",55999,87.6475034185553
"8242",56001,85.5960218197141
"8243",56003,78.3743214175293
"8244",56012,82.7173981560627
"8245",56060,86.1684184494913
"8246",56079,88.8034346654934
"8247",56145,76.6535252982025
"8248",56152,88.4679993286408
"8249",56156,89.1697584027631
"8250",56165,85.5445205304362
"8251",56169,86.2151854844748
"8252",56171,84.1184269713916
"8253",56174,70.9258406220837
"8254",56176,87.764029375905
"8255",56251,78.1696638796102
"8256",56274,89.3542188647015
"8257",56286,84.570233745716
"8258",56333,85.9601770669762
"8259",56336,88.1606917976969
"8260",56339,85.5565923244555
"8261",56367,87.2499276514052
"8262",56379,87.2798036856562
"8263",56389,86.8555383272808
"8264",56508,86.4157646648014
"8265",56563,80.7928709118018
"8266",56587,83.0475062013239
"8267",56607,83.2711809964939
"8268",56633,84.4008898636178
"8269",56671,86.1753303106239
"8270",56715,79.740868264976
"8271",56757,88.1729575003043
"8272",56775,88.766537368593
"8273",56782,80.1725109583584
"8274",56788,87.613073206503
"8275",56801,78.6512608061336
"8276",56805,89.6014797466547
"8277",56846,90.848060390814
"8278",56885,86.1508023986935
"8279",56908,85.715581848977
"8280",56915,84.0888932690082
"8281",56921,76.2155750586645
"8282",56941,90.9559086712028
"8283",56945,87.7972061101728
"8284",56949,91.7324241753953
"8285",57147,84.6116530062884
"8286",57223,82.69269563831
"8287",57243,86.0951690290731
"8288",57274,84.8303504320339
"8289",57326,83.5970322816602
"8290",57353,86.1095814729701
"8291",57368,76.0021567671511
"8292",57370,89.2622573414987
"8293",57401,81.2381520676592
"8294",57464,81.043458563743
"8295",57502,85.7740855850421
"8296",57504,77.9133269146906
"8297",57520,87.4808986031971
"8298",57526,84.8659572878458
"8299",57528,81.9990224023186
"8300",57532,87.0216233607251
"8301",57534,87.6966465713225
"8302",57536,88.9394352117553
"8303",57538,89.332487475583
"8304",57637,82.8153280904811
"8305",57640,76.2052792498552
"8306",57669,82.7708630684255
"8307",57792,85.718138477894
"8308",57845,83.9842762518063
"8309",57910,88.5794166630868
"8310",57949,84.9323250557549
"8311",57951,88.9203646010341
"8312",57972,82.6575720338158
"8313",58025,81.2058565528035
"8314",58047,86.4122916236669
"8315",58078,77.461789034689
"8316",58103,79.5503322108795
"8317",58105,86.050529128599
"8318",58107,90.2868472591937
"8319",58146,80.2100294939302
"8320",58154,88.5756774596369
"8321",58156,86.3532262011319
"8322",58162,84.10039712299
"8323",58191,90.5809434077802
"8324",58246,84.6808607596038
"8325",58291,86.1459078778728
"8326",58293,77.4751380621472
"8327",58295,85.8274636145976
"8328",58297,79.3370776765705
"8329",58299,88.6797857828242
"8330",58301,88.2216906553696
"8331",58303,88.5350342822234
"8332",58306,74.2243329973502
"8333",58315,87.5956300028503
"8334",58332,86.7116917220775
"8335",58334,91.4294261803509
"8336",58347,88.6777809847817
"8337",58351,85.2567796115402
"8338",58376,85.8534372893161
"8339",58404,71.0896244437554
"8340",58418,87.2180727975563
"8341",58425,86.0740626032902
"8342",58432,89.5389305708837
"8343",58490,87.4176156630864
"8344",58492,90.9526769655379
"8345",58494,88.2171727878808
"8346",58559,71.7158010339768
"8347",58622,86.0049954093235
"8348",58627,85.7864174077787
"8349",58652,86.7064748476265
"8350",58655,89.4526731940426
"8351",58706,87.844337186227
"8352",58783,83.8507232453123
"8353",58803,90.8014021134816
"8354",58806,86.5863635576131
"8355",58839,86.9567888120538
"8356",58876,93.6260233947552
"8357",58879,85.7996519835951
"8358",58937,90.0907681376964
"8359",58964,85.4718697753487
"8360",58972,88.0508895286969
"8361",58975,86.7681131345239
"8362",58998,87.2211789737733
"8363",59014,88.976298635863
"8364",59016,82.1158875936064
"8365",59018,86.9806208009184
"8366",59022,90.9867755063817
"8367",59026,82.2192745722549
"8368",59037,82.5350979969893
"8369",59103,77.322669784419
"8370",59105,88.5478044572092
"8371",59107,79.260172805525
"8372",59118,87.3318797766392
"8373",59126,86.3182428955851
"8374",59141,83.4858505582586
"8375",59143,85.2316361139611
"8376",59220,82.3330158884868
"8377",59256,85.1168036740301
"8378",59258,88.6754005242002
"8379",59295,81.9808902776597
"8380",59306,88.5103879416859
"8381",59315,74.4347545864814
"8382",59333,91.6216143182949
"8383",59336,72.7471316923156
"8384",59369,79.5324033076097
"8385",59382,88.0508199193301
"8386",59387,74.815115735724
"8387",59392,83.150859548844
"8388",59404,88.1047118845248
"8389",59418,86.8352713156219
"8390",59421,90.5177472296778
"8391",59429,92.2315222405893
"8392",59440,87.0082283796376
"8393",59501,90.8380324328906
"8394",59519,88.7533326445824
"8395",59549,90.2644178597875
"8396",59590,82.1316657639357
"8397",59594,84.6208865112432
"8398",59604,88.7339283118693
"8399",59607,81.6185391502878
"8400",59615,86.7684790827251
"8401",59684,91.0461285384921
"8402",59709,80.3357494010539
"8403",59715,89.230837761495
"8404",59721,85.5003112895567
"8405",59725,91.6390669222136
"8406",59727,88.9067245759427
"8407",59729,87.1023516241082
"8408",59731,86.5629843567528
"8409",59738,85.5937757530331
"8410",59784,85.7041106440124
"8411",59810,83.3959767502362
"8412",59900,88.7228774246922
"8413",59908,88.2954588353746
"8414",59910,89.6645328157456
"8415",59915,84.8179013986581
"8416",59985,81.3089628130151
"8417",59995,82.3042633212449
"8418",60037,81.2702112552883
"8419",60040,83.4285428099114
"8420",60069,71.5538828056454
"8421",60072,78.8021628175758
"8422",60074,80.85434389016
"8423",60126,87.1702883239298
"8424",60128,86.4343192299598
"8425",60141,91.6455723102574
"8426",60161,77.6054767767373
"8427",60289,89.6363934992615
"8428",60291,78.1160951199341
"8429",60293,88.5336495808608
"8430",60295,88.2975734853052
"8431",60333,88.2682087730972
"8432",60341,88.2218556224602
"8433",60363,88.6627860796866
"8434",60365,89.0760631494007
"8435",60382,88.913462365521
"8436",60397,90.6685297589054
"8437",60408,83.8008403704002
"8438",60418,80.7568892531285
"8439",60471,85.4848423300174
"8440",60482,89.7413275103002
"8441",60487,85.488653409833
"8442",60503,89.378899954804
"8443",60514,84.0365188073782
"8444",60516,81.7553001699329
"8445",60522,89.0863828018
"8446",60566,85.0133412495812
"8447",60609,81.8548753761633
"8448",60647,83.2784285393571
"8449",60649,87.1554683469569
"8450",60674,78.9176351444575
"8451",60684,75.2242522330742
"8452",60735,84.4391921271742
"8453",60753,80.7193570146624
"8454",60756,87.6155914863166
"8455",60758,86.3885625655393
"8456",60760,81.7065336801888
"8457",60763,88.0747770274914
"8458",60766,79.0759481065823
"8459",60806,90.3951991725658
"8460",60816,78.0422453440458
"8461",60818,82.9415602728805
"8462",60832,84.9918881284094
"8463",60894,84.5050541188835
"8464",60904,83.9493720380657
"8465",60937,88.8455974726271
"8466",60939,85.1826387914955
"8467",60941,85.0424749387571
"8468",60943,86.9736415440276
"8469",60948,80.0866915846827
"8470",60950,86.6227829245777
"8471",60979,84.9748615999339
"8472",61024,84.947609733434
"8473",61026,80.8905476426885
"8474",61071,90.9323773077139
"8475",61073,84.5749094442733
"8476",61075,89.3427902804043
"8477",61123,90.9422358862761
"8478",61132,85.1824231585889
"8479",61160,82.9224935739458
"8480",61167,83.7064734016406
"8481",61210,76.1262958076325
"8482",61236,86.6858640461229
"8483",61240,83.6715048805763
"8484",61246,84.3136867148245
"8485",61248,85.2409308707965
"8486",61250,90.5456407775279
"8487",61255,85.0062126493181
"8488",61257,87.0865319731813
"8489",61262,86.5992251032937
"8490",61289,80.7205960548576
"8491",61323,87.9174661318425
"8492",61348,84.677057955951
"8493",61350,74.7573155296602
"8494",61352,80.651182313511
"8495",61354,88.1180624443259
"8496",61361,91.2188533345314
"8497",61394,87.7999016623402
"8498",61401,86.3886955840003
"8499",61449,89.3765961094582
"8500",61465,83.3316948742156
"8501",61646,89.9149522459943
"8502",61678,85.4297912161615
"8503",61697,84.9759356472594
"8504",61705,85.968425335916
"8505",61729,81.6396328803922
"8506",61941,81.0410884712061
"8507",61986,81.7982681308855
"8508",61991,84.5349551794175
"8509",62049,79.2840810801183
"8510",62081,74.8454461994722
"8511",62113,84.8649273826093
"8512",62137,89.0491473603513
"8513",62155,86.4159186526251
"8514",62203,87.2110413879162
"8515",62235,84.1501776607313
"8516",62250,88.6416467804223
"8517",62265,88.5671945530401
"8518",62293,88.8294367282553
"8519",62331,87.3281512529988
"8520",62336,81.4903372979346
"8521",62344,89.7947651317281
"8522",62374,86.473160070311
"8523",62376,74.5128354285524
"8524",62394,86.0886669430726
"8525",62434,92.033978867695
"8526",62437,87.1352453129515
"8527",62439,90.3527507957965
"8528",62511,83.6654968254198
"8529",62553,89.8058350178511
"8530",62577,81.6881520092844
"8531",62586,88.7781628874479
"8532",62644,79.6089639290254
"8533",62718,93.2050043835884
"8534",62733,90.2939656814341
"8535",62788,87.4203323893035
"8536",62792,85.5728883416554
"8537",62799,89.5730747293541
"8538",62801,85.282125713241
"8539",62803,86.4342984054115
"8540",62834,79.7212169873294
"8541",62836,82.6315564055264
"8542",62849,83.9486791063861
"8543",62912,90.1993895396922
"8544",62956,79.0336212702137
"8545",62970,82.5132735071954
"8546",62999,92.3665331536287
"8547",63033,81.9058282724367
"8548",63062,82.7852032017273
"8549",63072,76.5990330326283
"8550",63082,76.9543170652839
"8551",63113,86.1910113226914
"8552",63131,86.5364407118337
"8553",63179,88.0983709918104
"8554",63189,80.6226398839205
"8555",63222,86.1702705230741
"8556",63239,90.0937092579174
"8557",63393,91.1404232467643
"8558",63433,76.6121135332744
"8559",63436,86.2932590014995
"8560",63446,90.8548430963092
"8561",63479,89.8818162155476
"8562",63515,81.5021137104665
"8563",63540,89.3862101850948
"8564",63808,86.8229548985118
"8565",63826,86.0258258423501
"8566",63853,83.7968789283707
"8567",63859,90.2191907697323
"8568",63876,87.3605483339178
"8569",63992,90.3583819210034
"8570",64030,86.1141843467727
"8571",64032,89.8420654264724
"8572",64034,88.6451913087167
"8573",64037,89.7937096437492
"8574",64114,85.9089515466546
"8575",64116,84.45023749001
"8576",64197,86.2652992452207
"8577",64229,90.9407909435791
"8578",64231,85.0409350075796
"8579",64249,88.94570612009
"8580",64278,86.5801685136911
"8581",64285,97.5801770191822
"8582",64497,78.4652463628805
"8583",64499,86.4560472387198
"8584",64501,85.5622705704492
"8585",64508,83.6286153050832
"8586",64575,86.2084197790542
"8587",64614,78.8407048839692
"8588",64620,84.6513979517894
"8589",64622,88.9431081145604
"8590",64701,88.3037444835951
"8591",64716,78.6319122112358
"8592",64839,82.1213949010968
"8593",64957,71.9522803927571
"8594",64969,83.0972404776443
"8595",64983,84.5241039693954
"8596",64993,78.2003714587993
"8597",64997,76.5142124889603
"8598",65037,77.846393280201
"8599",65045,81.2134232424195
"8600",65088,86.3370186784227
"8601",65126,87.6384680263441
"8602",65130,87.3466295476879
"8603",65133,81.1328570963888
"8604",65135,82.0127671435934
"8605",65188,82.0772604962702
"8606",65193,94.0910159374602
"8607",65216,87.8050195924641
"8608",65225,80.731580764176
"8609",65230,87.850162714187
"8610",65261,90.248141755244
"8611",65418,91.065845534318
"8612",65435,88.9649750828065
"8613",65465,86.7315394969378
"8614",65514,70.5134066519111
"8615",65567,83.5133488452524
"8616",65577,91.5995289460493
"8617",65585,90.5963513060233
"8618",65588,85.8964501606487
"8619",65596,85.8535676553937
"8620",65601,87.6060069482702
"8621",65612,81.3406616204678
"8622",65631,82.27882356475
"8623",65642,64.2635947726433
"8624",65682,86.1753206644962
"8625",65685,87.8521076361706
"8626",65802,87.5296439414173
"8627",65810,85.4953563593881
"8628",65813,87.1089700991882
"8629",65817,86.1534946789153
"8630",65868,86.9161029057774
"8631",65882,89.9789707230906
"8632",65927,86.3775214039284
"8633",65939,76.2259900477114
"8634",65982,73.1152945116964
"8635",66066,85.2179485380557
"8636",66090,87.8301116577121
"8637",66097,93.1292279038011
"8638",66130,84.4667815775909
"8639",66156,81.65466961516
"8640",66171,76.9776764794762
"8641",66198,83.0065705936678
"8642",66200,87.937574970254
"8643",66203,89.6107078052462
"8644",66240,87.4073465911859
"8645",66297,75.6938822359951
"8646",66304,91.7119241759182
"8647",66335,80.4016334787597
"8648",66354,90.1726085674379
"8649",66371,83.2358825558107
"8650",66385,88.0146174202777
"8651",66427,86.7840510791937
"8652",66509,86.6297011051976
"8653",66581,81.5702841594636
"8654",66639,90.9355592261978
"8655",66665,88.3292538401504
"8656",66691,76.356261918294
"8657",66744,85.8337307888496
"8658",66783,88.4454072371659
"8659",66785,80.722920756482
"8660",66798,89.2542334121907
"8661",66915,86.5348760988801
"8662",66934,76.293262062932
"8663",67073,88.7651870970314
"8664",67087,85.2296982392215
"8665",67138,80.4145881679447
"8666",67168,85.4965014838046
"8667",67186,88.3488922724354
"8668",67193,83.3325851576954
"8669",67197,70.9093501558867
"8670",67223,89.5092839546146
"8671",67252,82.925622951717
"8672",67255,79.6302161480862
"8673",67267,86.8856387172478
"8674",67295,85.5309647610964
"8675",67361,73.379211803709
"8676",67408,85.1271468067828
"8677",67429,88.4053926009814
"8678",67508,89.037823921644
"8679",67534,82.6333246158188
"8680",67618,84.1337244773001
"8681",67620,78.8956600848114
"8682",67665,83.6628617644366
"8683",67695,88.5704725275757
"8684",67734,88.735203474604
"8685",67788,91.0422670675422
"8686",67799,84.4176885223473
"8687",67801,87.0465436105195
"8688",67867,82.8615868670811
"8689",67923,85.7648779588414
"8690",67997,91.037562747019
"8691",68073,85.1758814000889
"8692",68135,90.5643156636765
"8693",68157,85.519202792932
"8694",68159,81.5697365250555
"8695",68194,83.1738789714761
"8696",68205,85.9833115814347
"8697",68237,65.6958657923628
"8698",68263,87.3429727618467
"8699",68269,87.0387035328804
"8700",68288,86.370596598634
"8701",68319,85.8585106966898
"8702",68324,90.5756683177463
"8703",68347,87.2001219971011
"8704",68358,71.8599432855532
"8705",68442,83.0246125185111
"8706",68444,84.7345636447219
"8707",68486,79.6588304756111
"8708",68519,81.3120582327488
"8709",68522,86.9344793051398
"8710",68536,81.7642809642078
"8711",68552,90.1323399327633
"8712",68554,82.3254624575524
"8713",68600,85.7775116467553
"8714",68650,82.1221073161818
"8715",68659,90.6768120398253
"8716",68749,89.2605245894879
"8717",68791,68.0202203810361
"8718",68793,87.4560259956068
"8719",68838,90.5976384256446
"8720",68843,90.8920998076267
"8721",68848,81.4998350121698
"8722",68932,84.6782376238688
"8723",68941,89.4355232457197
"8724",68945,81.8937459036074
"8725",68952,84.498006240764
"8726",68954,85.9104809334408
"8727",68959,77.7581148146139
"8728",68963,87.9870620023692
"8729",68967,88.034774170375
"8730",69069,91.5097858317207
"8731",69093,81.6051750722407
"8732",69118,85.9989860241989
"8733",69122,82.4422197634047
"8734",69131,87.9778446195705
"8735",69134,88.594455930887
"8736",69140,84.9346551508956
"8737",69253,92.1898121429253
"8738",69275,89.167562620432
"8739",69278,86.841301762922
"8740",69306,85.5725510286233
"8741",69324,87.0681191203188
"8742",69394,88.1422537069014
"8743",69406,92.9991426642811
"8744",69436,87.0380527528996
"8745",69458,85.6054111281007
"8746",69481,83.890479094195
"8747",69516,86.8270624044804
"8748",69524,76.5498444706128
"8749",69526,79.6325543825616
"8750",69529,83.0894156598746
"8751",69574,87.6722005881725
"8752",69604,84.6594486412361
"8753",69606,89.5627412783981
"8754",69640,85.9383829333609
"8755",69644,88.1938419280126
"8756",69654,86.2627100381408
"8757",69685,88.9542820361547
"8758",69712,88.3578979579351
"8759",69746,83.3283628888619
"8760",69757,81.6696609858959
"8761",69784,92.1446730940981
"8762",69805,89.8325719914295
"8763",69818,78.8674455710898
"8764",69844,96.2807074795645
"8765",69849,82.0911437809597
"8766",69951,80.93729488597
"8767",69988,90.8613435250517
"8768",69992,81.9528426406565
"8769",69995,90.7160570961718
"8770",70032,84.1834053589772
"8771",70102,89.8322872713447
"8772",70159,87.5648597920557
"8773",70183,90.3290500624848
"8774",70206,89.7267206211336
"8775",70208,82.6729167283553
"8776",70282,87.0379325660709
"8777",70286,66.0136906782881
"8778",70293,88.9009588692028
"8779",70301,87.2580245632228
"8780",70305,81.2540556244542
"8781",70334,90.0902228008033
"8782",70336,82.6685186595119
"8783",70344,87.956054213039
"8784",70361,87.1173831198783
"8785",70410,86.6366972482899
"8786",70451,88.9134330764378
"8787",70521,88.5980755264739
"8788",70533,80.7274426915707
"8789",70562,83.3242713811811
"8790",70565,87.1807465480993
"8791",70567,87.2055099410915
"8792",70597,88.874560900679
"8793",70599,79.9211809458115
"8794",70641,90.442639416055
"8795",70643,87.8070389567362
"8796",70663,91.0684671978492
"8797",70687,86.3124621251642
"8798",70697,88.147270375442
"8799",70706,87.9743380528367
"8800",70708,87.2295943079338
"8801",70728,86.1378424819429
"8802",70846,89.8605710142519
"8803",70862,81.361552868444
"8804",70898,85.8062323417538
"8805",70912,87.5531303693888
"8806",70932,90.5701716886166
"8807",70946,89.0331260556155
"8808",70984,90.2760491139033
"8809",70994,87.8156464145124
"8810",71033,82.9687970558376
"8811",71057,66.8527432645774
"8812",71106,66.8569652259492
"8813",71108,87.5539564588855
"8814",71129,80.8448499543673
"8815",71135,72.191170731121
"8816",71156,83.7700522565542
"8817",71160,73.1468947347049
"8818",71205,89.685817071894
"8819",71211,87.1347345071612
"8820",71248,87.378737602404
"8821",71252,87.5856994024832
"8822",71254,76.9703630033039
"8823",71264,89.0938413884057
"8824",71282,86.6040866180288
"8825",71304,86.1041264130025
"8826",71318,84.6182887507913
"8827",71325,87.2802219551791
"8828",71327,89.485295201241
"8829",71379,87.6302657325841
"8830",71390,86.0270995528251
"8831",71429,86.758122528545
"8832",71450,88.2764512808119
"8833",71460,85.11900094863
"8834",71462,87.0607905510137
"8835",71464,92.8824431056831
"8836",71466,80.7844827476379
"8837",71468,76.0612937839207
"8838",71484,80.9597407598041
"8839",71500,85.5202854421351
"8840",71518,89.233321218122
"8841",71520,79.0609123775925
"8842",71530,64.4515611983739
"8843",71535,78.4945997140026
"8844",71537,89.3963442462764
"8845",71542,88.2183064084928
"8846",71550,87.4568224525444
"8847",71571,87.6588878919069
"8848",71573,85.0695003163745
"8849",71579,87.12852580181
"8850",71619,88.9546297428305
"8851",71668,88.61880635992
"8852",71670,85.0558408882195
"8853",71691,89.7530202154546
"8854",71700,89.214995431502
"8855",71732,85.4175951853762
"8856",71745,84.517403293422
"8857",71810,84.4032022588164
"8858",71823,84.803451263337
"8859",71838,83.4964194293765
"8860",71876,87.7251373373448
"8861",71878,87.2669545731977
"8862",71899,89.7289672099784
"8863",71902,91.5098603860624
"8864",71910,84.4684586577193
"8865",71926,88.2460330430043
"8866",71928,89.6016825694242
"8867",72011,79.95215868168
"8868",72043,79.9946592391587
"8869",72113,85.0120824003582
"8870",72129,87.1570419741524
"8871",72131,86.2977161325182
"8872",72142,84.0994506242913
"8873",72165,89.4112506860879
"8874",72167,85.5461296024397
"8875",72169,87.2362931389973
"8876",72171,85.0815566953113
"8877",72176,87.1250554281264
"8878",72209,82.0215344572938
"8879",72224,88.8196579739844
"8880",72226,85.7752742224552
"8881",72228,78.7273944179343
"8882",72249,88.8082226417109
"8883",72294,82.3796469274336
"8884",72308,79.8230504580953
"8885",72330,88.1210588203288
"8886",72356,87.5891947936825
"8887",72367,85.6429884550142
"8888",72378,75.4829340172686
"8889",72380,72.2278312214093
"8890",72386,88.8099165249667
"8891",72393,86.5885394019509
"8892",72395,88.9655207401741
"8893",72405,91.0417302184068
"8894",72407,92.7009964106664
"8895",72424,87.0373289066865
"8896",72479,90.3772521711693
"8897",72483,86.8842038520416
"8898",72489,80.0044234464018
"8899",72554,79.810697104489
"8900",72591,87.5274506534233
"8901",72601,81.0692594185133
"8902",72603,87.4681207509667
"8903",72605,84.6484624553117
"8904",72641,87.5991682144275
"8905",72694,89.1256654144816
"8906",72696,86.3286926509577
"8907",72701,84.396962477447
"8908",72703,83.1623131579563
"8909",72714,86.5380661655593
"8910",72720,86.1015752163387
"8911",72731,82.6820289044332
"8912",72733,87.5404696039001
"8913",72737,91.4657630243956
"8914",72741,85.8185255500738
"8915",72762,86.0387130536757
"8916",72919,89.199300908442
"8917",72980,83.9624967727031
"8918",72982,77.2717550835245
"8919",72998,60.4147848419093
"8920",73000,86.9843667727962
"8921",73015,88.8943861663599
"8922",73017,76.8060647377385
"8923",73023,83.1028428500176
"8924",73027,86.1304932874871
"8925",73042,88.285287341021
"8926",73101,91.5053409033661
"8927",73106,92.1619968914694
"8928",73168,81.5603302409193
"8929",73211,85.9213912837267
"8930",73266,87.5647595840341
"8931",73268,75.368513070967
"8932",73290,82.0590799487152
"8933",73319,91.4809392988103
"8934",73321,75.4344716609264
"8935",73323,82.7361173099085
"8936",73344,83.1889196115198
"8937",73392,86.3116821878375
"8938",73431,87.0163819407811
"8939",73488,88.0117024970364
"8940",73511,83.7233929933855
"8941",73572,90.2604344803253
"8942",73587,81.3097701336889
"8943",73681,84.8734018011765
"8944",73759,76.7281801122183
"8945",73808,82.0319118351143
"8946",73829,88.3474036944019
"8947",73854,86.1150469032277
"8948",73860,90.944790476783
"8949",73874,72.9643892972679
"8950",73881,81.1503427799879
"8951",73929,83.2339416712672
"8952",74075,92.3857555912743
"8953",74089,94.8692168742771
"8954",74131,82.0243798487933
"8955",74152,78.9971137928891
"8956",74154,92.0203510362197
"8957",74156,83.9624478994676
"8958",74228,77.1744932756336
"8959",74275,89.7781025505454
"8960",74282,88.1640348367417
"8961",74324,85.8516467673506
"8962",74370,88.1726246024801
"8963",74416,90.5132569340131
"8964",74450,89.3809223850304
"8965",74452,84.3937937807141
"8966",74458,77.2624805399377
"8967",74484,87.5276858191625
"8968",74486,93.3502174030066
"8969",74488,86.9059258948622
"8970",74504,81.3140353404201
"8971",74508,90.2534514923482
"8972",74510,84.5375668378481
"8973",74530,87.5432541528916
"8974",74532,88.663667731379
"8975",74541,88.7745443993128
"8976",74545,83.0906415544375
"8977",74553,87.2914175835164
"8978",74580,88.5455641917332
"8979",74624,85.950521561377
"8980",74668,82.4462274099254
"8981",74677,89.0428405978414
"8982",74685,84.4277199385732
"8983",74688,88.5449321084576
"8984",74698,87.1691006444865
"8985",74750,81.8970264886067
"8986",74752,90.3494631206005
"8987",74787,80.3196939476387
"8988",74789,86.4214344622556
"8989",74791,87.4004124201618
"8990",74795,89.5022021552819
"8991",74851,85.0225668743012
"8992",74864,86.6062258292303
"8993",74868,87.0319812642325
"8994",74916,90.0678523186494
"8995",74944,84.9605468922796
"8996",74946,87.6340029846751
"8997",74948,85.8716216671094
"8998",75341,87.5347846638326
"8999",75395,86.8502196926982
"9000",75425,86.8027604217572
"9001",75438,90.6561962212431
"9002",75440,87.7557865448362
"9003",75805,90.0951832433748
"9004",75813,85.3745717619545
"9005",75985,75.6790381961898
"9006",76030,87.62024082048
"9007",76054,93.2839182200354
"9008",76060,84.8664077507142
"9009",76077,84.2486960285633
"9010",76079,91.0919416579392
"9011",76091,83.5071686479175
"9012",76093,84.4629402643186
"9013",76130,77.3170192762125
"9014",76173,77.9283355128312
"9015",76175,80.3112891940325
"9016",76210,85.8568406992915
"9017",76251,83.1980011361371
"9018",76272,89.9297931323804
"9019",76293,88.3338630576017
"9020",76301,88.1018913594271
"9021",76317,86.3603829862354
"9022",76738,86.3656523282359
"9023",76755,88.5155571828302
"9024",76763,91.4222364206947
"9025",77154,89.1265184240455
"9026",77191,88.9352968796253
"9027",77201,83.6824929139677
"9028",77206,86.3457648356107
"9029",77240,91.6985536454316
"9030",77307,89.3731374247279
"9031",77328,84.3800789167642
"9032",77330,85.0384748849599
"9033",77359,84.5224306726493
"9034",77364,85.4548612314093
"9035",77414,93.7633922546871
"9036",77421,87.6691879793986
"9037",77427,85.7780882233283
"9038",77455,79.4116162057528
"9039",77540,84.2781523044149
"9040",77561,82.7237433615691
"9041",77629,88.6419592660054
"9042",77667,89.4013907139634
"9043",77795,65.3397619851937
"9044",77798,87.1493336635505
"9045",77800,87.6981306175983
"9046",77833,90.519597896595
"9047",77837,84.2823470972798
"9048",77843,84.3078522394631
"9049",77846,83.2995612104271
"9050",77854,81.7683467062495
"9051",77866,81.6724360565848
"9052",78034,83.6709605456366
"9053",78039,85.5434438833805
"9054",78041,89.8868116966138
"9055",78088,79.4203535312126
"9056",78105,84.4530873204164
"9057",78116,90.4928535586007
"9058",78160,77.9399812033829
"9059",78162,86.4151708607078
"9060",78174,90.6346906354544
"9061",78209,88.0184611652609
"9062",78218,79.5753882774287
"9063",78264,92.4600616238031
"9064",78266,77.5578578069389
"9065",78316,90.0101006580221
"9066",78319,86.769232685215
"9067",78321,89.5639694052468
"9068",78349,74.7643148790603
"9069",78467,87.2241388624896
"9070",78469,82.4989415818055
"9071",78499,83.9904198456157
"9072",78517,85.4623442054832
"9073",78544,78.6340958033614
"9074",78574,86.9716013537113
"9075",78637,86.7312159796417
"9076",78655,87.301982466208
"9077",78679,87.8478054995031
"9078",78703,76.3546917356018
"9079",78729,78.5333549991647
"9080",78746,85.3950013833118
"9081",78759,87.5552698248559
"9082",78772,91.8259285903548
"9083",78774,88.8183344704897
"9084",78836,87.046754008149
"9085",78893,81.5856764798281
"9086",79008,79.3194739344266
"9087",79057,79.6568147634651
"9088",79073,77.1207643494306
"9089",79091,88.9889909834876
"9090",79132,53.8812560042881
"9091",79134,87.3515818494074
"9092",79139,85.0844739071105
"9093",79185,86.666110976605
"9094",79224,82.0844298846151
"9095",79242,90.4198019458004
"9096",79251,89.06814906175
"9097",79274,82.8018481528138
"9098",79293,84.9826639021594
"9099",79318,84.0636556786796
"9100",79357,66.981102040881
"9101",79428,88.535449710075
"9102",79463,87.3071568066649
"9103",79536,80.8982337480725
"9104",79553,76.2255395269169
"9105",79588,90.8441820920033
"9106",79590,86.320373118233
"9107",79592,87.1728053409999
"9108",79677,91.5899524538029
"9109",79684,88.2543581924717
"9110",79695,81.9180222346904
"9111",79702,79.5523434456175
"9112",79720,86.5472712798336
"9113",79760,87.4971863785813
"9114",79796,84.855471197013
"9115",79800,87.6004868112039
"9116",79824,88.7736748857002
"9117",79860,84.388545576339
"9118",79879,86.3191491707942
"9119",79897,81.5573062851762
"9120",79946,85.8817279393555
"9121",79987,85.2284801303228
"9122",80026,86.4254571796025
"9123",80094,86.5537742567822
"9124",80126,85.7187579905893
"9125",80139,86.9953515267548
"9126",80166,91.0990999255389
"9127",80185,89.3885389787977
"9128",80219,87.4082209679972
"9129",80222,89.7399010580952
"9130",80241,86.9213028030058
"9131",80350,88.910798526867
"9132",80363,88.2211090007681
"9133",80398,81.6967255661519
"9134",80463,75.5363513525723
"9135",80469,87.0805022102751
"9136",80489,81.990485279222
"9137",80549,89.4889647271145
"9138",80551,88.3381340850825
"9139",80553,87.987840113959
"9140",80572,90.2085901810938
"9141",80586,82.395286469485
"9142",80590,83.8434871936367
"9143",80615,85.445541172842
"9144",80617,87.8200146062149
"9145",80693,84.9779387647264
"9146",80727,83.0078912492232
"9147",80736,91.5258611857682
"9148",80775,88.3206610195655
"9149",80831,85.8221396083463
"9150",80839,87.8564346712726
"9151",80846,83.9192031281743
"9152",80858,90.842552227271
"9153",80860,90.7290412243177
"9154",80862,87.7602542206102
"9155",80864,88.388995305403
"9156",80880,86.1479566791057
"9157",80906,82.1333458006935
"9158",80917,74.5810091205182
"9159",80928,81.902978408347
"9160",80939,88.542439007104
"9161",80969,75.8157705729692
"9162",81018,86.8517382260793
"9163",81132,85.3823666400649
"9164",81140,80.9695731865074
"9165",81156,88.5543774302064
"9166",81158,87.5926040855122
"9167",81180,87.5452871350712
"9168",81191,82.908935197183
"9169",81229,83.8146249190694
"9170",81257,86.0266359425345
"9171",81383,87.5517215306431
"9172",81385,85.9760333084283
"9173",81417,90.2652181204726
"9174",81456,87.1190054693095
"9175",81512,75.3354318753198
"9176",81516,86.8514799096297
"9177",81535,88.2433943974209
"9178",81537,87.7449242545171
"9179",81562,78.0295149792879
"9180",81564,84.2837861648178
"9181",81591,84.3727345505942
"9182",81639,89.1899760192294
"9183",81641,93.1135826226375
"9184",81731,80.5568231458156
"9185",81751,90.6274602634162
"9186",81782,82.0522099313596
"9187",81784,84.5231708300538
"9188",81786,88.6934063278738
"9189",81788,82.2495975762135
"9190",81791,92.7606295932005
"9191",81804,83.2058363583764
"9192",81817,82.3363411504281
"9193",81819,85.5505355350342
"9194",81834,95.2056833784537
"9195",81845,81.8876872223559
"9196",81847,87.4976784195077
"9197",81910,79.7011672413425
"9198",81932,83.8040175691624
"9199",82037,84.2398040249605
"9200",82041,87.7257855226053
"9201",82053,90.0756429614468
"9202",82093,84.3341331988457
"9203",82095,79.6157737908172
"9204",82152,89.2417576873812
"9205",82167,86.7775292768282
"9206",82169,92.6090419545336
"9207",82173,88.3698391422841
"9208",82202,85.864325474532
"9209",82242,77.8853445430394
"9210",82244,84.4666440249209
"9211",82378,87.4862037745515
"9212",82447,88.8681905494692
"9213",82459,83.9245352966921
"9214",82461,59.1206572413653
"9215",82463,92.2512046654715
"9216",82499,85.3360287540524
"9217",82527,81.2890864752107
"9218",82534,85.5062067933235
"9219",82589,88.066511012426
"9220",82667,82.7321455889488
"9221",82744,85.6576325162782
"9222",82767,86.255611661357
"9223",82852,88.5174226292148
"9224",82854,84.8002182505428
"9225",83086,89.0517835536935
"9226",83132,84.273054384771
"9227",83134,83.7521883907189
"9228",83177,87.5076554101287
"9229",83270,85.5103619219097
"9230",83293,86.8318526269315
"9231",83302,88.6303971616576
"9232",83349,84.5347876433881
"9233",83369,83.9092969298843
"9234",83374,83.120770038273
"9235",83480,84.9496207889425
"9236",83506,72.9453132448377
"9237",83613,77.5682159158782
"9238",83798,90.4563842293892
"9239",83803,82.3649725534796
"9240",83827,85.7176280725018
"9241",83910,88.9527092322632
"9242",83976,87.180592336046
"9243",84116,90.2401186590769
"9244",84152,67.3802692352961
"9245",84156,91.6736375619517
"9246",84187,80.3352910057195
"9247",84189,87.8669871459829
"9248",84240,86.2591878248457
"9249",84242,91.7280432882721
"9250",84273,81.5096772211179
"9251",84374,91.5985559478449
"9252",84392,83.121249807118
"9253",84395,85.6076580155601
"9254",84414,84.6577762993385
"9255",84570,90.7102141406589
"9256",84601,85.9043875201734
"9257",84613,85.2228463855368
"9258",84615,85.7699686180463
"9259",84637,88.1316002796491
"9260",84696,89.6620049460932
"9261",84716,80.1035905590316
"9262",84732,83.8432647914621
"9263",84772,80.472815164889
"9264",84775,91.2915341091229
"9265",84847,92.1942385378418
"9266",84942,86.3051403522619
"9267",84944,85.4134991797651
"9268",84950,86.1621280778987
"9269",84952,78.9976774746494
"9270",84954,65.1004201981291
"9271",84980,79.3418444882564
"9272",85007,85.9475392688572
"9273",85020,87.3975444942766
"9274",85022,88.1214718743127
"9275",85025,83.1118168272585
"9276",85056,84.9750680919221
"9277",85131,77.4905291697255
"9278",85179,75.5489561808194
"9279",85211,88.2178875106822
"9280",85213,81.473605931363
"9281",85261,85.5439131301268
"9282",85342,85.426810399424
"9283",85354,83.6926062860794
"9284",85367,91.6706151140661
"9285",85372,86.1006030056426
"9286",85394,87.02482748308
"9287",85397,88.4371132286964
"9288",85401,88.295566700493
"9289",85412,84.1758740933085
"9290",85414,65.5539424362811
"9291",85438,87.9312008623313
"9292",85510,74.2922313693559
"9293",85736,73.1035081131109
"9294",85774,83.2314879773214
"9295",85780,80.3796819325459
"9296",85788,84.9262438617845
"9297",85790,91.0739499633019
"9298",85796,87.1348262207135
"9299",85881,85.2227826924175
"9300",86000,88.6102319647202
"9301",86059,87.6911137050362
"9302",86142,76.388216605202
"9303",86190,78.5964935610926
"9304",86290,84.6606434879311
"9305",86293,86.4692270162729
"9306",86295,86.1021656675836
"9307",86298,95.1907210222384
"9308",86332,80.9053216154873
"9309",86345,78.6647563716777
"9310",86347,80.0152651740306
"9311",86355,84.8713325221929
"9312",86487,81.9245269442606
"9313",86548,88.5689386518405
"9314",86578,91.1799134406102
"9315",86628,82.5555317421758
"9316",86644,87.467376280999
"9317",86781,85.2532861676295
"9318",86815,90.2183731807579
"9319",86817,90.6019439877192
"9320",86833,88.4489587753586
"9321",86835,79.635708340167
"9322",86852,81.4138494637159
"9323",86880,91.4831658240639
"9324",86882,79.5140368438312
"9325",86884,90.6924221437193
"9326",86892,79.5674883064112
"9327",86898,83.82510576463
"9328",86911,88.7449187065709
"9329",87004,91.4358097646266
"9330",87028,87.4830292234134
"9331",87079,87.1822278558568
"9332",87192,83.3152289231291
"9333",87194,79.5820790577959
"9334",87222,84.5618140062665
"9335",87232,78.732319102182
"9336",87234,87.0417199790509
"9337",87298,83.7375257794981
"9338",87304,88.965669325652
"9339",87306,72.4401789554002
"9340",87308,88.2708997618584
"9341",87405,92.0096907713236
"9342",87430,86.4883119563024
"9343",87483,91.9999865936633
"9344",87485,89.6883015219677
"9345",87520,80.3081524064585
"9346",87522,83.4923925312915
"9347",87529,86.667133787503
"9348",87660,77.2307796788936
"9349",87785,85.9302788343565
"9350",87867,90.0694546543028
"9351",87869,84.9995468762764
"9352",87876,89.6540960731405
"9353",87921,86.2676382255528
"9354",87960,94.0353669561474
"9355",87975,81.1246258094354
"9356",88108,93.2311934183319
"9357",88118,89.1300990290047
"9358",88127,83.060905585026
"9359",88129,82.2726880244415
"9360",88140,83.896798467685
"9361",88163,86.2560306585936
"9362",88179,88.0160757357607
"9363",88235,88.2506512655352
"9364",88267,90.46967675575
"9365",88345,87.5114344708803
"9366",88356,88.3543292643254
"9367",88405,90.0380503255672
"9368",88515,90.6859428062522
"9369",88672,88.2498875897564
"9370",88699,90.3580645002756
"9371",88744,64.5421532440242
"9372",88746,89.6746698235909
"9373",88785,89.3208940735566
"9374",88810,86.6792585362291
"9375",88812,88.0066368211063
"9376",88932,84.8274792422549
"9377",88950,90.4603940449294
"9378",88954,87.0362959490877
"9379",89002,83.014802281327
"9380",89028,86.0259017771244
"9381",89030,86.8019190604799
"9382",89039,76.7574007611687
"9383",89045,85.3003656489349
"9384",89047,83.4913164461034
"9385",89072,86.2559749180463
"9386",89074,85.200306246558
"9387",89085,85.4208487282637
"9388",89087,86.234723943741
"9389",89090,86.7093290479978
"9390",89102,85.23407338055
"9391",89118,84.5844032710553
"9392",89190,80.2967871344291
"9393",89260,81.3046463223295
"9394",89305,89.6208766005957
"9395",89321,88.3328313601059
"9396",89337,83.5661405134771
"9397",89343,86.7463645993685
"9398",89369,85.8444704253904
"9399",89388,90.0240795524432
"9400",89470,78.5658719033202
"9401",89480,91.2784955295213
"9402",89490,89.7657002808126
"9403",89492,82.6637580917175
"9404",89523,90.1040420325719
"9405",89535,88.9074808054653
"9406",89629,82.3766827258369
"9407",89745,76.2803277980792
"9408",89753,85.7736810714578
"9409",89759,88.0366736412721
"9410",89761,84.2083822745352
"9411",89774,73.2158115224862
"9412",89780,80.8615648493782
"9413",89804,83.4357294050743
"9414",89837,87.955557211143
"9415",89840,85.9529359455459
"9416",89862,85.514549297093
"9417",89864,84.1588316464796
"9418",89900,89.1552128926188
"9419",89904,78.5845694251996
"9420",90057,79.9237294391064
"9421",90249,76.6236185790842
"9422",90266,86.6610378886117
"9423",90343,89.0317594990232
"9424",90345,83.6409124249258
"9425",90357,92.3636867120356
"9426",90374,85.0743264948547
"9427",90376,84.4567940027191
"9428",90378,89.7040308300583
"9429",90403,86.0763137360963
"9430",90405,68.5430992084326
"9431",90428,89.4419343685247
"9432",90430,84.022673320143
"9433",90439,81.9592743161055
"9434",90469,90.2830319428202
"9435",90471,86.2402188166255
"9436",90522,89.2537239370694
"9437",90524,88.4542793071678
"9438",90528,88.4308012612656
"9439",90531,90.1698653705166
"9440",90576,90.9201918060043
"9441",90578,87.6972814519743
"9442",90600,74.7545405894204
"9443",90603,83.6945507835186
"9444",90624,85.3027584305478
"9445",90645,85.8223739023408
"9446",90647,85.1000849224525
"9447",90717,87.7016278597207
"9448",90719,86.467164230607
"9449",90738,85.3458818348424
"9450",90746,83.1356902256417
"9451",90863,83.1768288611722
"9452",90866,77.1628354878449
"9453",90870,87.032214106212
"9454",90888,76.9869571617197
"9455",90890,88.539803570329
"9456",90899,86.3065588678984
"9457",90914,79.7362870025687
"9458",90933,89.0543618940845
"9459",90943,82.2356596038116
"9460",90945,67.7315145549825
"9461",90947,88.237083191384
"9462",91077,85.1359847278798
"9463",91079,87.8751701605464
"9464",91094,86.3212140275031
"9465",91104,93.2115244818525
"9466",91126,83.2404479240379
"9467",91128,86.170526186874
"9468",91134,86.361822357198
"9469",91199,92.1486750401334
"9470",91233,81.2353866839071
"9471",91323,86.7068007838433
"9472",91325,88.026781506113
"9473",91371,85.182892654146
"9474",91386,92.9791064841284
"9475",91414,83.6158806719173
"9476",91470,83.252596942287
"9477",91483,84.6916333695194
"9478",91485,83.5664071209793
"9479",91500,78.1393545496411
"9480",91529,77.7127680208077
"9481",91535,87.1015786369816
"9482",91542,78.0559188452816
"9483",91548,80.809415492763
"9484",91571,87.0671216267457
"9485",91622,91.7837045373543
"9486",91628,87.042181616817
"9487",91630,76.6120024629827
"9488",91653,85.9362405119038
"9489",91658,78.0320276474681
"9490",91660,84.6117145659536
"9491",91671,88.4066624275259
"9492",91673,88.8042637416004
"9493",91690,88.3932920035944
"9494",91842,86.3243736897121
"9495",91869,80.1902108671993
"9496",91890,86.8676126556143
"9497",91974,85.8036871093326
"9498",91976,80.3619002134161
"9499",91978,84.8020127962794
"9500",92008,85.0791511722057
"9501",92048,91.9968236045707
"9502",92058,85.1592477096994
"9503",92192,87.2546471532392
"9504",92198,86.3931889690962
"9505",92206,90.4804631765884
"9506",92214,83.6277904952248
"9507",92234,86.7669873254279
"9508",92236,87.2289545171359
"9509",92243,87.4807377830555
"9510",92259,78.6933193246227
"9511",92264,92.1618640781788
"9512",92309,87.0013825476395
"9513",92391,91.5005915538179
"9514",92420,77.7080048933857
"9515",92422,87.7687227592951
"9516",92494,86.1571216222115
"9517",92496,86.8875489213457
"9518",92498,85.7505359495583
"9519",92507,83.8421760875619
"9520",92509,89.8718111729611
"9521",92535,80.4193701013317
"9522",92643,90.2488814994802
"9523",92665,92.5490488895824
"9524",92681,85.3752463838117
"9525",92694,81.5443910068329
"9526",92920,76.8274787603825
"9527",92938,87.0672796135994
"9528",93006,85.5883856176934
"9529",93134,86.4751704602571
"9530",93242,89.3934535150059
"9531",93265,86.5208948799496
"9532",93270,91.0389210967194
"9533",93272,88.3907073952269
"9534",93287,89.4710640522356
"9535",93297,86.2460142998288
"9536",93326,89.7268256368382
"9537",93363,76.4221613100832
"9538",93422,75.8820945391904
"9539",93443,80.4840400629471
"9540",93457,75.6537896829247
"9541",93475,88.8399505015293
"9542",93498,85.1182939551689
"9543",93510,89.7278306236257
"9544",93512,84.6044028581662
"9545",93563,78.427984828327
"9546",93693,89.0230058985242
"9547",93721,80.4321841193475
"9548",93723,90.2470267956377
"9549",93740,84.8727726863319
"9550",93766,81.3597880263309
"9551",93790,83.6411807850907
"9552",93805,85.2321610528553
"9553",93831,88.1234687624774
"9554",93838,75.5447307542786
"9555",93840,80.300383666176
"9556",93855,86.529070376059
"9557",93933,90.2924847946561
"9558",93982,86.4788241963426
"9559",94015,87.3873570796191
"9560",94018,83.3908138678998
"9561",94070,89.5127743819032
"9562",94109,86.2257147108786
"9563",94126,86.5582147791586
"9564",94130,89.6416445780265
"9565",94150,89.3492287676936
"9566",94266,87.209461514325
"9567",94325,89.3786614463347
"9568",94405,86.1025301929496
"9569",94466,71.4089670035371
"9570",94478,92.6725357106995
"9571",94677,91.5936463120383
"9572",94777,80.3153661661001
"9573",94780,81.8639182355345
"9574",94799,77.1100523300478
"9575",94813,86.8726793771019
"9576",94833,100.07754371407
"9577",94864,65.4612682917498
"9578",94896,88.2996683471089
"9579",94931,89.2421499112544
"9580",94953,88.1976193949247
"9581",94959,81.6118205002232
"9582",94974,79.2872395560333
"9583",94985,85.4507243147293
"9584",95004,86.9684587768578
"9585",95058,87.0228852507222
"9586",95067,85.2208144092695
"9587",95088,74.8101017490669
"9588",95105,94.0393773663966
"9589",95135,86.793693968977
"9590",95149,84.6419341867281
"9591",95167,90.6383198509622
"9592",95170,86.0252809988395
"9593",95193,88.0020260660835
"9594",95199,93.7433457635813
"9595",95201,85.6745403370556
"9596",95207,85.8574207986892
"9597",95307,87.2160785944097
"9598",95309,82.4206432049333
"9599",95313,89.1192421877953
"9600",95377,89.2309014819069
"9601",95441,86.0332314882616
"9602",95446,83.0111037727623
"9603",95449,88.5180827416036
"9604",95488,88.8396594290927
"9605",95510,83.5744734029059
"9606",95543,91.3707303167858
"9607",95558,85.6414829453354
"9608",95567,79.5425429053282
"9609",95583,83.3351989384278
"9610",95720,86.8859533138133
"9611",95744,87.9271512909383
"9612",95761,89.4815034982864
"9613",95873,79.4443639570392
"9614",95875,69.9118796350385
"9615",95939,83.224626310575
"9616",96069,90.5017003313985
"9617",96079,80.069072956318
"9618",96110,89.4894978530106
"9619",96121,83.7998550735215
"9620",96150,86.2463754600598
"9621",96281,90.7293162786509
"9622",96314,88.8133358702866
"9623",96367,88.2064519117917
"9624",96405,91.4571121309972
"9625",96417,81.0873008523099
"9626",96432,88.7715530314587
"9627",96448,89.0549211474206
"9628",96467,87.091807060098
"9629",96488,82.5498438485013
"9630",96490,88.2230970921561
"9631",96565,90.470136119675
"9632",96567,78.5937929687076
"9633",96588,88.5755296776407
"9634",96606,83.1879327272263
"9635",96610,56.6987131979877
"9636",96612,86.2357840767694
"9637",96616,89.5324699159664
"9638",96655,67.0538531670582
"9639",96667,85.0008789418531
"9640",96691,89.7569857355325
"9641",96693,84.3584741332659
"9642",96728,84.8170521277091
"9643",96737,77.2519156050401
"9644",96751,84.6765635757879
"9645",96811,82.229544406343
"9646",96815,84.0099480148504
"9647",96821,89.8951401693623
"9648",96829,82.7976476209114
"9649",96832,85.2451221531977
"9650",96857,75.3602017265559
"9651",96861,88.0859691753687
"9652",96863,88.416141553544
"9653",96911,87.6607572755166
"9654",96917,90.7969262989318
"9655",96964,85.942561863623
"9656",96991,92.9095092579154
"9657",97024,83.996597829818
"9658",97057,73.5814718459188
"9659",97168,90.6206953562253
"9660",97172,90.0521416689729
"9661",97188,87.1782494093404
"9662",97225,88.6976982057928
"9663",97230,84.9301271489383
"9664",97304,80.4230818958115
"9665",97306,84.3079935252115
"9666",97311,87.8024115501116
"9667",97324,82.2031937628812
"9668",97328,86.6122006500535
"9669",97393,90.6329065118232
"9670",97395,91.874595530539
"9671",97643,85.3637167665969
"9672",97648,87.2906984957116
"9673",97673,86.7288797730847
"9674",97701,89.4042518348945
"9675",97742,87.2463863665209
"9676",97744,91.443599646843
"9677",97752,62.5955507504316
"9678",97785,91.4511586964442
"9679",97836,85.3157245762935
"9680",97860,90.0586571622641
"9681",97866,85.1683389274074
"9682",97870,86.3773461638808
"9683",97904,86.2225168402116
"9684",97913,86.9699462988342
"9685",97921,81.7724732842244
"9686",97923,83.356310322897
"9687",97936,88.7553074912848
"9688",97938,76.4975331650325
"9689",97950,85.0455419953631
"9690",97988,86.3003729481503
"9691",98017,83.1187635220135
"9692",98054,89.4209205157852
"9693",98056,88.5832869423614
"9694",98083,86.4329250421973
"9695",98122,74.7246214156112
"9696",98124,79.8958105369541
"9697",98154,84.4954885100125
"9698",98193,90.4178649986872
"9699",98203,92.1068987764316
"9700",98230,82.2594287082862
"9701",98239,86.4509824099169
"9702",98243,85.6407336503513
"9703",98296,87.3886493059535
"9704",98361,87.6029833862662
"9705",98369,86.1833782611863
"9706",98373,91.5239906185613
"9707",98491,81.4855287079235
"9708",98585,82.3674794331573
"9709",98604,84.1530601163771
"9710",98797,90.6251004178219
"9711",98809,83.7202250373831
"9712",98836,89.0058826776467
"9713",98956,84.7721227905996
"9714",98961,84.6825697173915
"9715",98975,80.9747320314058
"9716",99005,90.9411239579074
"9717",99007,84.2308629980226
"9718",99087,92.3875523767569
"9719",99106,88.9207063374549
"9720",99112,83.3209757446694
"9721",99114,83.8118331110342
"9722",99117,89.2243709691579
"9723",99145,86.0410112385339
"9724",99149,84.7039126647735
"9725",99220,88.4985995451106
"9726",99296,88.4906977012113
"9727",99415,91.4520575056729
"9728",99437,80.2512236696405
"9729",99468,90.6261841984553
"9730",99470,88.6797342415415
"9731",99574,86.5406487494802
"9732",99721,87.9263934125088
"9733",99728,84.8236291778537
"9734",99741,87.6575145768014
"9735",99750,85.7537280897697
"9736",99764,80.9875337771933
"9737",99787,90.5233896253824
"9738",99813,81.664235894923
"9739",99910,86.9126588460774
"9740",99912,85.7668967664897
"9741",99917,83.957589798655
"9742",99957,84.9637933429765
"9743",99996,87.4887364124096
"9744",100068,85.0344556281343
"9745",100083,87.9636188445564
"9746",100106,84.9546567745931
"9747",100108,89.7566886438504
"9748",100159,88.4529151746227
"9749",100163,86.5515491514139
"9750",100244,81.1248134067613
"9751",100302,72.356053584649
"9752",100326,87.5256515891946
"9753",100344,82.5820257551875
"9754",100356,90.959672811361
"9755",100363,82.6653310778555
"9756",100383,81.8264461012283
"9757",100390,88.695579460381
"9758",100397,86.0136777097875
"9759",100408,87.6467801131254
"9760",100436,86.2518611339773
"9761",100440,87.5076634078615
"9762",100450,75.46243204834
"9763",100487,87.8129009320019
"9764",100498,86.3654246817631
"9765",100507,91.8886309872637
"9766",100527,90.6178791291636
"9767",100553,82.9489691399129
"9768",100556,89.0295447531031
"9769",100579,82.6709526159107
"9770",100581,88.0631097554037
"9771",100611,89.5223814085298
"9772",100714,84.2111568308521
"9773",100729,85.2060562624676
"9774",100737,87.1862433692362
"9775",100745,81.3967080829364
"9776",100810,84.124753216256
"9777",100843,85.3024332878014
"9778",100882,81.580198971456
"9779",101025,83.9060413846675
"9780",101070,90.8561608188384
"9781",101076,84.1202377310281
"9782",101088,84.4941173920279
"9783",101106,71.545876823564
"9784",101112,87.7967565744955
"9785",101137,84.0869273217111
"9786",101142,86.3522022003112
"9787",101186,89.0669902701333
"9788",101207,90.6493075750712
"9789",101281,92.2474427505195
"9790",101283,91.3348947886433
"9791",101285,88.6275675707927
"9792",101296,91.9948898087719
"9793",101360,89.0902234596301
"9794",101362,87.561208082342
"9795",101415,90.0710102874976
"9796",101498,78.1812500537711
"9797",101525,80.9037262163792
"9798",101529,88.9689910376862
"9799",101577,85.1842671432378
"9800",101612,85.2073662088594
"9801",101739,86.4542150910302
"9802",101741,80.7847845564106
"9803",101761,82.860103899705
"9804",101864,61.8899021135047
"9805",101893,84.8418290571057
"9806",101895,88.8516313602349
"9807",101962,89.0619571564008
"9808",101973,73.6008190144544
"9809",101997,90.0841366070551
"9810",102033,86.8948278210216
"9811",102058,80.3064236971651
"9812",102060,79.8423701492631
"9813",102070,90.4854092081745
"9814",102072,89.3213702697396
"9815",102084,86.6233012191475
"9816",102088,82.6033480880009
"9817",102125,82.1864821776405
"9818",102154,81.3186401681709
"9819",102160,87.0815292526981
"9820",102194,79.4905424918794
"9821",102217,83.8719533640945
"9822",102407,83.7107587102264
"9823",102481,85.5216310106443
"9824",102588,86.0107056812747
"9825",102684,85.906224783813
"9826",102686,89.2384382705134
"9827",102716,86.4665050263425
"9828",102720,83.5088945201502
"9829",102753,89.5760926535167
"9830",102792,84.7210882607808
"9831",102800,87.1774478411423
"9832",102802,87.7995947153772
"9833",102819,87.8827033390619
"9834",102880,78.3158441479769
"9835",102903,85.5503924310533
"9836",102905,88.524056672722
"9837",102922,90.7485025340729
"9838",102993,84.8768853094843
"9839",103027,86.3724573116688
"9840",103042,76.1069124535267
"9841",103048,82.9665742723473
"9842",103055,89.6539554039966
"9843",103075,82.2106245684084
"9844",103083,86.5506201615138
"9845",103085,88.7967660105208
"9846",103107,87.2082563258981
"9847",103137,93.6624701803008
"9848",103141,87.6959979253815
"9849",103219,85.5956965564679
"9850",103228,69.3353037733831
"9851",103235,79.9773854020484
"9852",103249,79.9195004821052
"9853",103253,62.0533602568635
"9854",103255,92.2628983392161
"9855",103279,86.7979606171206
"9856",103299,89.436344842523
"9857",103306,77.6100812800965
"9858",103315,80.1690027758325
"9859",103335,87.7792703919178
"9860",103339,87.3586511926773
"9861",103341,73.0878305546024
"9862",103366,88.2813684679914
"9863",103372,89.8139586440794
"9864",103384,86.6757426760006
"9865",103483,82.949540719949
"9866",103539,88.8755267864767
"9867",103541,88.5940063502076
"9868",103543,90.3102742277471
"9869",103554,86.4548498495686
"9870",103596,86.6625286327236
"9871",103606,89.4398309294323
"9872",103624,82.8489853565899
"9873",103639,81.019301893721
"9874",103655,86.6748511576824
"9875",103659,80.0691696797665
"9876",103669,86.65787463784
"9877",103688,84.915319850894
"9878",103727,75.708956119302
"9879",103755,89.4807478783241
"9880",103772,84.9028689161517
"9881",103801,89.7757757433448
"9882",103810,85.7453809902345
"9883",103849,81.6309015427566
"9884",103867,79.9180877466339
"9885",103883,86.0025120082675
"9886",103980,85.8288194636958
"9887",103984,84.1228138049522
"9888",104069,79.5168549084337
"9889",104074,88.6869092758786
"9890",104076,89.8039239095783
"9891",104078,88.4040995785954
"9892",104089,86.9757381782632
"9893",104129,82.5752635670784
"9894",104137,91.0718362427553
"9895",104144,91.0783202269561
"9896",104211,91.271820517391
"9897",104218,89.4409675176064
"9898",104241,86.1278697939566
"9899",104243,80.1062784529285
"9900",104245,89.1718241955899
"9901",104272,84.6371687346505
"9902",104274,81.0871024292723
"9903",104283,90.0515280373885
"9904",104303,81.7263400212011
"9905",104312,92.5934974254201
"9906",104337,89.1138129313285
"9907",104339,86.8093834947356
"9908",104361,83.3948508381493
"9909",104374,81.1637612148876
"9910",104419,76.2737373143812
"9911",104441,92.7219657834545
"9912",104457,87.6121451343458
"9913",104631,90.861337104139
"9914",104712,88.7645431673021
"9915",104736,89.7596980723306
"9916",104841,66.104408268442
"9917",104863,87.6601501124579
"9918",104879,78.4007019341652
"9919",104881,82.2518281551164
"9920",104906,92.9264386701466
"9921",104908,87.6595143121282
"9922",104913,72.3088048149886
"9923",104925,87.4124160778983
"9924",104944,84.7743183265105
"9925",105037,90.6055331413465
"9926",105075,89.2927430853601
"9927",105197,85.2963024650712
"9928",105211,86.6261569325975
"9929",105213,83.8316995388181
"9930",105246,84.7935869900331
"9931",105254,91.0677691576166
"9932",105351,88.6326106284633
"9933",105355,88.6046646086729
"9934",105386,87.2894128156253
"9935",105420,90.4586945322855
"9936",105429,87.6283129516126
"9937",105468,90.0150416537334
"9938",105504,80.6041135314174
"9939",105519,83.6961357060609
"9940",105585,85.4016138356614
"9941",105593,87.7507456055332
"9942",105653,84.912949657775
"9943",105731,87.2824762090245
"9944",105742,84.4597629722258
"9945",105755,85.8581023258938
"9946",105769,79.1888127685963
"9947",105801,89.0111350869629
"9948",105835,83.4085791782538
"9949",105844,81.5915149518962
"9950",105869,88.8312573476493
"9951",105954,84.5581507286475
"9952",106002,78.4624594361499
"9953",106011,86.7467112125649
"9954",106022,81.6138340245093
"9955",106030,74.8006399366628
"9956",106062,88.8574313385086
"9957",106072,81.3093236985297
"9958",106100,85.4548887057346
"9959",106102,83.5643382871141
"9960",106144,89.6196899079051
"9961",106163,86.1480304302146
"9962",106195,88.358431289698
"9963",106197,78.460180613502
"9964",106220,79.5219781262718
"9965",106240,89.6211437555781
"9966",106330,86.1117998116569
"9967",106332,78.7125873988517
"9968",106438,85.1458712526764
"9969",106441,90.9996821892723
"9970",106452,90.0827602665764
"9971",106487,77.4428087565885
"9972",106489,84.1592737250621
"9973",106491,76.4318853488725
"9974",106508,92.8977090843686
"9975",106540,86.1370129217315
"9976",106542,87.9569284805127
"9977",106642,72.0952270001445
"9978",106696,86.7373024976457
"9979",106749,85.7516513772011
"9980",106766,86.2410614055797
"9981",106782,82.8511824299806
"9982",106785,90.0687784470468
"9983",106839,88.8254739083602
"9984",106841,89.4760577606629
"9985",106873,81.944565971878
"9986",106889,73.0482246376792
"9987",106916,82.7180579830169
"9988",106918,74.6646156379518
"9989",106920,67.24363083366
"9990",106983,91.2468513688365
"9991",107017,85.963052665265
"9992",107057,80.6287475870217
"9993",107069,84.2568671906206
"9994",107130,83.4629746477778
"9995",107141,85.3553196050272
"9996",107314,82.1969603295894
"9997",107348,84.9072633031003
"9998",107406,63.9326334186283
"9999",107436,86.5717199857788
"10000",107565,86.362911409489
"10001",107627,82.8139092697194
"10002",107649,83.0760318021421
"10003",107702,86.4159260147563
"10004",107718,83.8485122681611
"10005",107769,87.6682897569478
"10006",107771,85.3488794931258
"10007",107883,83.9254248289602
"10008",107953,73.4545893955362
"10009",107978,88.4671272753489
"10010",107980,85.0772824581122
"10011",107997,87.3600627730703
"10012",108078,82.334429438435
"10013",108156,87.9849106716375
"10014",108188,87.7167605272865
"10015",108190,83.2134693322639
"10016",108192,87.6875339189656
"10017",108501,86.2124617485099
"10018",108540,89.3539884900601
"10019",108689,83.4393361217035
"10020",108709,82.1101666011379
"10021",108715,86.7463946700595
"10022",108727,90.9867564632597
"10023",108729,81.1376680552697
"10024",108778,91.9373140047402
"10025",108780,86.0479826052936
"10026",108787,81.0132389106909
"10027",108795,87.4654760611014
"10028",108825,82.9139006325662
"10029",108928,86.5051901276668
"10030",108932,77.4809264084293
"10031",108945,74.5660817628103
"10032",108949,88.13388137103
"10033",108981,91.2530133071835
"10034",109042,88.0093429110192
"10035",109072,85.5366086896599
"10036",109157,89.1434114670836
"10037",109161,85.947241493164
"10038",109181,90.8681089037745
"10039",109187,74.5558865435412
"10040",109189,91.7495264860691
"10041",109191,83.6082768025813
"10042",109243,85.9741319232032
"10043",109374,76.6412617248656
"10044",109376,77.8698060798074
"10045",109472,75.6555902898009
"10046",109483,89.5925791948307
"10047",109487,57.8763457236798
"10048",109569,88.0540276253626
"10049",109578,84.5489423602956
"10050",109633,83.0086417986127
"10051",109673,81.8450152892176
"10052",109687,80.2887971216276
"10053",109720,88.8793839695745
"10054",109740,92.5316550137834
"10055",109742,88.5514627063802
"10056",109846,87.6045662070826
"10057",109848,86.864180661903
"10058",109850,88.776492999391
"10059",109853,87.9526427845608
"10060",109864,82.7987832055654
"10061",109895,86.0653867156477
"10062",110039,84.6860977927085
"10063",110102,78.2542185002822
"10064",110110,78.4123018077573
"10065",110127,76.5767675609908
"10066",110130,87.4838675399929
"10067",110286,84.5523085030569
"10068",110295,86.16846979616
"10069",110297,83.5640750595379
"10070",110322,88.9540216804783
"10071",110387,88.1500493649456
"10072",110407,62.1266975895034
"10073",110445,77.2286198633834
"10074",110451,88.0060266932857
"10075",110453,82.956622010925
"10076",110461,88.2986427883679
"10077",110501,75.8762284701637
"10078",110553,85.062249583374
"10079",110566,80.7804703657912
"10080",110586,86.516412027179
"10081",110591,83.8550417183795
"10082",110603,89.8518017591699
"10083",110611,83.8068499941507
"10084",110655,95.8106964031645
"10085",110669,77.2363821686924
"10086",110675,81.6546347020644
"10087",110718,84.5588563993174
"10088",110730,66.1430416791248
"10089",110750,89.181258554853
"10090",110771,91.8776959334165
"10091",110781,88.9301904364974
"10092",110809,93.2283201424885
"10093",110826,88.5298270772013
"10094",110873,80.7710497632234
"10095",110882,79.8000018370663
"10096",110968,82.5890950652431
"10097",111113,90.5869446801093
"10098",111235,75.2312243293192
"10099",111249,90.4507700291495
"10100",111251,85.8709164651096
"10101",111320,89.6110611295967
"10102",111360,66.6309817768081
"10103",111362,71.2769565176991
"10104",111364,74.2052576210803
"10105",111375,87.8820041009524
"10106",111384,83.4390476798417
"10107",111387,92.1136948796242
"10108",111443,84.5872798354777
"10109",111529,89.1274585819512
"10110",111551,82.2733274090457
"10111",111617,91.2171005280971
"10112",111622,83.4305877221412
"10113",111659,83.677472984287
"10114",111661,87.9065178442334
"10115",111663,89.3133178244701
"10116",111743,87.1082841205299
"10117",111759,56.1061027771204
"10118",111764,80.2593424738336
"10119",111778,87.2127239290838
"10120",111795,91.0978926670354
"10121",111921,88.8207968757238
"10122",111924,79.1698049256657
"10123",112006,89.9160692781435
"10124",112070,89.3248006938246
"10125",112087,74.8089925998647
"10126",112091,87.8187051275791
"10127",112138,88.7761131161832
"10128",112171,83.2787964485837
"10129",112175,86.3631828850654
"10130",112183,78.9275199691025
"10131",112290,80.9067430579048
"10132",112316,86.6544596395125
"10133",112334,71.9435044220711
"10134",112370,80.4007939919877
"10135",112399,90.1696739797731
"10136",112421,88.2499360913109
"10137",112450,87.4975284262506
"10138",112460,91.6337327358768
"10139",112497,90.7975069817219
"10140",112515,85.0294320613191
"10141",112550,72.9560430245492
"10142",112552,77.9009092603482
"10143",112556,77.5911684424314
"10144",112580,83.8367317011196
"10145",112582,73.7810212653437
"10146",112623,66.2542972660289
"10147",112788,89.8239274566199
"10148",112804,71.6324702585829
"10149",112852,73.988493258614
"10150",112868,69.4862757003952
"10151",112897,85.0757505767548
"10152",112911,81.115032936813
"10153",112940,86.5591189167617
"10154",112946,87.1489410799161
"10155",113064,85.4341502672866
"10156",113071,88.6072380150783
"10157",113103,93.3211337346526
"10158",113159,87.7629627027787
"10159",113188,78.5285689829861
"10160",113207,78.3053596736543
"10161",113225,83.3444630243169
"10162",113240,85.9522909469522
"10163",113250,87.8404400516634
"10164",113252,85.7237763051241
"10165",113275,92.2980394421069
"10166",113278,85.3032827844193
"10167",113345,73.055851911982
"10168",113348,83.6512713221447
"10169",113378,79.5795612024993
"10170",113453,89.2969440983522
"10171",113501,78.8125656195886
"10172",113532,90.2115182511388
"10173",113565,83.1858077952709
"10174",113604,89.030379273764
"10175",113640,83.9064579699631
"10176",113642,85.2261076278012
"10177",113696,82.9765554598686
"10178",113705,87.9733643268367
"10179",113741,71.9357197339074
"10180",113769,87.3576880604014
"10181",113775,87.0435112009314
"10182",113780,84.683349873366
"10183",113829,78.1218462460895
"10184",113862,80.619068129031
"10185",114007,87.9820075122181
"10186",114028,92.7667749077142
"10187",114033,82.7560088808951
"10188",114042,84.2480115919762
"10189",114060,81.3161250352065
"10190",114066,81.3726734780781
"10191",114074,88.6894179177853
"10192",114082,77.0680031199307
"10193",114180,78.2186302308222
"10194",114184,87.2225428259886
"10195",114242,86.7206653789139
"10196",114244,86.2236448504629
"10197",114246,84.2174056256809
"10198",114265,90.8562286739112
"10199",114329,84.9975438217228
"10200",114342,89.7477378358803
"10201",114392,81.8711524393488
"10202",114439,88.1523651267189
"10203",114459,86.809071083232
"10204",114494,63.7557701831669
"10205",114552,83.9097218427514
"10206",114554,93.181104895519
"10207",114601,84.1337790273736
"10208",114635,86.5400339673958
"10209",114662,86.2623373348506
"10210",114670,87.1500944374471
"10211",114678,81.2446047640939
"10212",114700,94.3969066464123
"10213",114704,86.2462568127483
"10214",114707,83.0297995238492
"10215",114713,86.1186178926572
"10216",114762,88.899317161567
"10217",114795,79.3843604523068
"10218",114818,80.5014963384468
"10219",114847,65.0879256300934
"10220",114925,88.0577898404939
"10221",114935,63.7433467817863
"10222",115122,88.5604105852845
"10223",115147,90.9621296638824
"10224",115149,78.7091191963021
"10225",115174,83.4999842862507
"10226",115216,87.7084706694103
"10227",115231,83.4656914771723
"10228",115381,89.124143917643
"10229",115414,89.6305403237222
"10230",115471,84.9231347921651
"10231",115502,79.502370401335
"10232",115534,87.7691238399424
"10233",115569,80.4806217766213
"10234",115617,80.8413968340169
"10235",115629,83.6111033468418
"10236",115664,83.7908223745708
"10237",115667,90.0577160402731
"10238",115680,70.4460696172716
"10239",115770,89.7167404116081
"10240",115824,84.1129357914144
"10241",115828,86.3867561053714
"10242",115967,89.3850958485131
"10243",115991,92.6090542306307
"10244",116136,87.3136795137038
"10245",116138,88.6520660254743
"10246",116161,84.2329016059241
"10247",116307,88.9029639724426
"10248",116397,85.4629953435831
"10249",116411,78.1658774274516
"10250",116413,89.4119001469355
"10251",116668,83.4265831290176
"10252",116797,80.3388448628307
"10253",116799,86.2517264982743
"10254",116817,78.0890182734968
"10255",116823,82.6393654429637
"10256",116841,81.9395579321461
"10257",116855,88.8455809522207
"10258",116887,79.7109309648289
"10259",116897,77.6341305610146
"10260",116905,80.9255288257414
"10261",116907,87.223173918025
"10262",116977,86.1877296074714
"10263",117109,84.5543767128522
"10264",117123,90.4299279257772
"10265",117176,80.5603076149158
"10266",117192,70.7988372418802
"10267",117364,89.9563613813505
"10268",117434,85.1915041105371
"10269",117438,84.248851325026
"10270",117444,91.5240280804128
"10271",117456,91.1948026416939
"10272",117466,82.3216012913382
"10273",117511,87.0208787523553
"10274",117533,80.9868740956472
"10275",117545,88.371622088038
"10276",117549,88.7175710873662
"10277",117590,87.5675112804909
"10278",117851,92.5554709994515
"10279",117867,87.5937337092438
"10280",117871,86.0360254518575
"10281",117881,85.5915057406437
"10282",117887,85.4177478972401
"10283",118082,87.3644934530842
"10284",118202,91.8238665153466
"10285",118246,82.8368372594048
"10286",118354,82.3563283249839
"10287",118466,95.5590318469489
"10288",118696,84.3470613083935
"10289",118700,84.8172817955622
"10290",118702,85.5408395452514
"10291",118706,85.8666818943268
"10292",118760,87.0267611965005
"10293",118814,85.1691519247115
"10294",118880,88.0451909217848
"10295",118890,80.8824364011052
"10296",118896,82.9496133580989
"10297",118898,85.4395060117335
"10298",118900,85.3984462852286
"10299",118924,84.6453379852796
"10300",118930,72.8182500525965
"10301",118970,87.1034727530052
"10302",118985,80.7870994679153
"10303",118997,88.3152466488353
"10304",119068,83.5420706558427
"10305",119139,70.3281240818516
"10306",119141,86.2554900825889
"10307",119145,79.6383732594171
"10308",119155,85.1899339403705
"10309",119655,85.4823621488719
"10310",120132,91.3228053293676
"10311",120138,80.177037243481
"10312",120392,77.408947176119
"10313",120466,65.3791692598636
"10314",120474,89.8716443496736
"10315",120478,85.2588786610197
"10316",120635,87.1579534115994
"10317",120637,76.058184540454
"10318",120783,90.7671810027319
"10319",120825,86.0610342755517
"10320",121171,86.1800588420386
"10321",121231,80.8050340613139
"10322",123947,89.7164403009057
"10323",124859,87.3254284133564
"10324",124867,87.0028462973023
"10325",125914,89.3134446427007
"10326",125916,87.5161145264733
"10327",126548,91.862617303181
"10328",126599,81.2384829405388
"10329",127096,79.5147060038572
"10330",127098,81.3643474783686
"10331",127108,88.0972101503416
"10332",127114,82.0816677109496
"10333",127116,83.6776040321134
"10334",127128,86.9184062269643
"10335",127130,88.9616023810255
"10336",127134,82.5196368313861
"10337",127136,85.0295234843888
"10338",127140,90.4047818690069
"10339",127146,83.273892010361
"10340",127152,79.9591294073019
"10341",127164,87.4365722000642
"10342",127178,89.0612654451373
"10343",127196,91.7685662128435
"10344",127198,81.7203002672206
"10345",127202,87.8823462839618
"10346",127204,88.3960248961148
"10347",127206,82.9289423023996
"10348",127208,89.2368349824124
"10349",127212,82.9631407724288
"10350",127298,91.0678255331273
"10351",127319,86.480030905706
"10352",127323,83.0344040081226
"10353",128488,89.3508332155101
"10354",128520,91.6169336152998
"10355",128542,90.1988427913923
"10356",128604,88.3253692354515
"10357",128671,87.1643103561508
"10358",128832,85.6724736224546
"10359",128975,82.0436041648717
"10360",129354,87.114500862595
"10361",129370,86.0808347205614
"10362",129428,88.6246274254344
"10363",129657,82.100015624166
"10364",129659,87.9240156532049
"10365",129707,88.0075195351646
"10366",129737,86.8787802419641
"10367",129779,83.0556989547737
"10368",129781,93.2243218808058
"10369",129937,86.1616682453183
"10370",130052,88.4111136549586
"10371",130073,86.1706573267634
"10372",130075,86.7376037982638
"10373",130087,82.6654270849845
"10374",130490,83.0200350033903
"10375",130496,84.9867153869569
"10376",130520,89.6723577278138
"10377",130578,88.4786318653808
"10378",130840,83.5361184052505
"10379",131013,88.0934699331382
"10380",131168,87.4751788318256
"10381",131170,67.5790185091947
